GLT;Obs2009;Obs2010;Obs2011;Obs2012;Obs2013;Obs2014;Obs2015;Obs2016;Obs2017;Obs2018;Obs2019;Obs2020;Obs2021;Obs2022
1023;1;1;1;1;1;1;1;1;1;1;1;1;1;1
1052;1;1;1;1;1;1;1;1;1;0;0;0;0;0
1058;1;1;1;1;1;1;1;0;0;0;0;0;0;0
1077;1;1;1;0;0;0;0;0;0;0;0;0;0;0
1111;1;1;1;1;1;1;1;1;1;0;0;0;0;0
1115;1;1;1;1;1;1;1;1;1;1;1;1;1;1
1124;1;1;1;1;1;1;1;1;1;1;1;1;1;1
1223;1;1;1;1;1;1;0;0;0;0;0;0;0;0
1267;1;1;1;1;0;0;0;0;0;0;0;0;0;0
1275;1;2;1;0;0;0;0;0;0;0;0;0;0;0
1277;1;1;1;1;1;1;0;0;0;0;0;0;0;0
1278;1;1;1;1;1;1;1;1;1;0;0;0;0;0
1283;1;1;0;0;0;0;0;0;0;0;0;0;0;0
1284;1;2;1;1;1;1;1;1;1;0;0;0;0;0
1289;1;0;0;0;0;0;0;0;0;0;0;0;0;0
1292;1;2;0;0;0;0;0;0;0;0;0;0;0;0
1294;1;1;1;0;0;0;0;0;0;0;0;0;0;0
1295;1;1;0;0;0;0;0;0;0;0;0;0;0;0
1296;1;1;0;0;0;0;0;0;0;0;0;0;0;0
1297;1;0;0;0;0;0;0;0;0;0;0;0;0;0
1298;1;1;0;0;0;0;0;0;0;0;0;0;0;0
1884;1;0;0;0;0;0;0;0;0;0;0;0;0;0
481;1;2;0;0;0;0;0;0;0;0;0;0;0;0
812;1;1;1;1;1;0;0;0;0;0;0;0;0;0
846;1;1;1;0;0;0;0;0;0;0;0;0;0;0
848;1;1;1;1;0;0;0;0;0;0;0;0;0;0
860;1;0;0;0;0;0;0;0;0;0;0;0;0;0
869;1;1;1;1;1;1;1;1;1;1;1;1;0;0
880;1;1;1;1;1;1;0;0;0;0;0;0;0;0
971;1;1;1;1;1;1;1;1;1;1;1;1;1;1
981;1;1;0;0;0;0;0;0;0;0;0;0;0;0
989;1;1;1;1;1;1;1;1;1;1;1;1;1;1
AF11;1;0;0;0;0;0;0;0;0;0;0;0;0;0
AF12;1;1;1;1;0;0;0;0;0;0;0;0;0;0
AF13;1;1;1;1;1;1;1;1;0;0;0;0;0;0
AF3;1;1;0;0;0;0;0;0;0;0;0;0;0;0
AF4;1;1;1;1;1;1;1;1;1;1;1;1;1;1
AF5;1;1;1;1;0;0;0;0;0;0;0;0;0;0
AF6;1;0;0;0;0;0;0;0;0;0;0;0;0;0
AF8;1;1;1;0;0;0;0;0;0;0;0;0;0;0
AM1;1;0;0;0;0;0;0;0;0;0;0;0;0;0
AT12;1;0;0;0;0;0;0;0;0;0;0;0;0;0
AT13;1;0;0;0;0;0;0;0;0;0;0;0;0;0
AT14;1;0;0;0;0;0;0;0;0;0;0;0;0;0
AT15;1;0;0;0;0;0;0;0;0;0;0;0;0;0
AT3;1;0;0;0;0;0;0;0;0;0;0;0;0;0
AT6;1;1;1;2;0;0;0;0;0;0;0;0;0;0
AT7;1;0;0;0;0;0;0;0;0;0;0;0;0;0
AT8;1;1;1;0;0;0;0;0;0;0;0;0;0;0
AT9;1;2;1;1;1;0;0;0;0;0;0;0;0;0
AX1;1;2;1;1;1;1;1;1;1;1;1;1;1;1
AX13;1;0;0;0;0;0;0;0;0;0;0;0;0;0
AX14;1;0;0;0;0;0;0;0;0;0;0;0;0;0
AX15;1;0;0;0;0;0;0;0;0;0;0;0;0;0
AX17;1;2;1;1;1;1;1;1;1;1;1;1;1;0
AX18;1;0;0;0;0;0;0;0;0;0;0;0;0;0
AX19;1;2;1;1;1;1;1;1;1;1;1;1;1;0
AX2;1;1;1;0;0;0;0;0;0;0;0;0;0;0
AX20;1;1;0;0;0;0;0;0;0;0;0;0;0;0
AX21;1;1;1;1;1;1;1;1;1;0;0;0;0;0
AX22;1;1;1;1;2;0;0;0;0;0;0;0;0;0
AX23;1;1;1;1;1;1;1;1;1;0;0;0;0;0
AX24;1;1;1;1;1;1;1;1;1;0;0;0;0;0
AX4;1;1;0;0;0;0;0;0;0;0;0;0;0;0
AXI;1;0;0;0;0;0;0;0;0;0;0;0;0;0
BE1;1;1;1;1;1;1;1;1;1;1;1;0;0;0
BE10;1;0;3;1;1;1;1;1;1;1;0;0;0;0
BE2;1;0;0;0;0;0;0;0;0;0;0;0;0;0
BE3;1;0;0;1;1;0;0;0;0;0;0;0;0;0
BE5;1;0;0;0;0;0;0;0;0;0;0;0;0;0
BE6;1;0;2;1;1;1;1;1;0;0;0;0;0;0
BE7;1;0;0;0;0;0;0;0;0;0;0;0;0;0
BE8;1;0;0;0;0;0;0;0;0;0;0;0;0;0
BE9;1;0;3;1;1;3;1;1;1;1;0;0;0;0
BV1;1;0;0;0;0;0;0;0;0;0;0;0;0;0
BV2;1;0;0;0;0;0;0;0;0;0;0;0;0;0
BV3;1;0;0;0;0;0;0;0;0;0;0;0;0;0
BV4;1;0;0;0;0;0;0;0;0;0;0;0;0;0
BV5;1;0;0;0;0;0;0;0;0;0;0;0;0;0
BV7;1;0;0;0;0;0;0;0;0;0;0;0;0;0
CH4;1;0;0;0;0;0;0;0;0;0;0;0;0;0
EL2;1;0;0;0;0;0;0;0;0;0;0;0;0;0
FA1;1;1;1;1;0;0;0;0;0;0;0;0;0;0
FA2;1;1;1;1;2;1;1;1;0;0;0;0;0;0
FX2;1;0;2;1;1;1;1;1;0;0;0;0;0;0
JG3;1;0;0;0;0;0;0;0;0;0;0;0;0;0
JG4;1;1;0;0;0;0;0;0;0;0;0;0;0;0
JG5;1;0;0;0;0;0;0;0;0;0;0;0;0;0
JP1;1;0;0;0;0;0;0;0;0;0;0;0;0;0
JP10;1;1;0;0;0;0;0;0;0;0;0;0;0;0
JP12;1;1;0;0;0;0;0;0;0;0;0;0;0;0
JP13;1;1;1;1;1;1;1;1;1;0;0;0;0;0
JP14;1;1;0;0;0;0;0;0;0;0;0;0;0;0
JP5;1;1;1;1;1;1;1;1;1;0;0;0;0;0
JP6;1;0;0;0;0;0;0;0;0;0;0;0;0;0
JP7;1;0;0;0;0;0;0;0;0;0;0;0;0;0
JP8;1;0;0;0;0;0;0;0;0;0;0;0;0;0
JP9;1;0;0;0;0;0;0;0;0;0;0;0;0;0
LA12;1;0;0;0;0;0;0;0;0;0;0;0;0;0
MA14;1;0;0;0;0;0;0;0;0;0;0;0;0;0
MP17;1;1;1;0;0;0;0;0;0;0;0;0;0;0
MP19;1;1;1;1;1;1;1;1;1;1;0;0;0;0
MP23;1;1;1;1;1;1;1;1;1;1;1;1;1;1
MP28;1;1;1;1;1;0;0;0;0;0;0;0;0;0
MP32;1;1;1;0;0;0;0;0;0;0;0;0;0;0
MP33;1;1;1;1;1;1;0;0;0;0;0;0;0;0
MP34;1;1;1;1;1;0;0;0;0;0;0;0;0;0
OL15;1;1;0;0;0;0;0;0;0;0;0;0;0;0
OL16;1;0;0;0;0;0;0;0;0;0;0;0;0;0
OL21;1;0;0;0;0;0;0;0;0;0;0;0;0;0
OL23;1;1;1;0;0;0;0;0;0;0;0;0;0;0
OL26;1;1;1;0;0;0;0;0;0;0;0;0;0;0
OL27;1;1;1;0;0;0;0;0;0;0;0;0;0;0
OL30;1;1;1;0;0;0;0;0;0;0;0;0;0;0
OL5;1;0;0;0;0;0;0;0;0;0;0;0;0;0
OL8;1;0;0;0;0;0;0;0;0;0;0;0;0;0
OL9;1;0;0;0;0;0;0;0;0;0;0;0;0;0
PI1;1;0;0;0;0;0;0;0;0;0;0;0;0;0
PI10;1;0;0;0;0;0;0;0;0;0;0;0;0;0
PI11;1;0;0;0;0;0;0;0;0;0;0;0;0;0
PI12;1;0;0;0;0;0;0;0;0;0;0;0;0;0
PI13;1;0;0;0;0;0;0;0;0;0;0;0;0;0
PI14;1;0;0;0;0;0;0;0;0;0;0;0;0;0
PI15;1;0;0;0;0;0;0;0;0;0;0;0;0;0
PI16;1;0;0;0;0;0;0;0;0;0;0;0;0;0
PI17;1;0;0;0;0;0;0;0;0;0;0;0;0;0
PI3.1;1;0;0;0;0;0;0;0;0;0;0;0;0;0
PI6;1;0;0;0;0;0;0;0;0;0;0;0;0;0
PI7;1;0;0;0;0;0;0;0;0;0;0;0;0;0
PI8;1;0;0;0;0;0;0;0;0;0;0;0;0;0
PI9;1;0;0;0;0;0;0;0;0;0;0;0;0;0
PR4;1;0;0;0;0;0;0;0;0;0;0;0;0;0
PR8;1;0;0;0;0;0;0;0;0;0;0;0;0;0
PR9;1;0;0;0;0;0;0;0;0;0;0;0;0;0
PT4;1;1;1;0;0;0;0;0;0;0;0;0;0;0
PT5;1;0;0;0;0;0;0;0;0;0;0;0;0;0
PT7;1;1;1;1;1;1;1;1;1;0;0;0;0;0
PT8;1;1;1;2;1;1;1;1;1;0;0;0;0;0
RT15;1;0;0;0;0;0;0;0;0;0;0;0;0;0
SD4;1;1;1;1;1;1;1;1;1;0;0;0;0;0
SD6;1;0;0;0;0;0;0;0;0;0;0;0;0;0
SI10;1;1;0;2;1;1;1;1;1;0;0;0;0;0
SI12;1;1;0;0;0;0;0;0;0;0;0;0;0;0
SI2;1;0;0;0;0;0;0;0;0;0;0;0;0;0
SI3;1;0;0;0;0;0;0;0;0;0;0;0;0;0
SI4;1;1;1;1;1;1;1;1;1;1;1;1;1;0
SI5;1;0;0;0;0;0;0;0;0;0;0;0;0;0
SI7;1;2;1;1;1;1;1;1;1;0;0;0;0;0
SI8;1;1;1;1;0;0;0;0;0;0;0;0;0;0
SI9;1;0;0;0;0;0;0;0;0;0;0;0;0;0
SP12;1;0;0;0;0;0;0;0;0;0;0;0;0;0
SP13;1;1;0;0;0;0;0;0;0;0;0;0;0;0
SP14;1;1;1;1;0;0;0;0;0;0;0;0;0;0
SP15;1;1;1;2;0;0;0;0;0;0;0;0;0;0
SP16;1;1;1;1;1;1;1;0;0;0;0;0;0;0
SP2;1;1;0;0;0;0;0;0;0;0;0;0;0;0
SP6;1;1;1;1;1;1;1;1;1;1;1;1;1;1
SP8;1;1;0;0;0;0;0;0;0;0;0;0;0;0
SP9;1;1;1;1;0;0;0;0;0;0;0;0;0;0
ST16;1;0;0;0;0;0;0;0;0;0;0;0;0;0
TM1;1;0;0;0;0;0;0;0;0;0;0;0;0;0
TM2;1;1;1;1;1;1;1;1;1;1;1;1;1;1
TM3;1;1;0;0;0;0;0;0;0;0;0;0;0;0
TM4;1;0;0;0;0;0;0;0;0;0;0;0;0;0
TM5;1;0;0;0;0;0;0;0;0;0;0;0;0;0
TM6;1;1;0;0;0;0;0;0;0;0;0;0;0;0
TM7;1;2;0;0;0;0;0;0;0;0;0;0;0;0
TR4;1;0;0;0;0;0;0;0;0;0;0;0;0;0
1114;0;1;1;1;1;1;0;0;0;0;0;0;0;0
1126;0;1;1;1;1;1;1;1;1;1;1;1;1;1
986;0;1;1;1;1;1;1;1;1;1;1;1;1;1
MP29;0;1;1;1;1;0;0;0;0;0;0;0;0;0
MP35;0;1;1;1;1;1;1;1;1;1;1;1;1;1
MP47;0;1;1;1;1;1;1;1;1;1;1;1;1;1
MP54;0;1;1;1;1;1;1;1;1;1;1;1;1;1
PM55;0;1;1;1;1;1;1;1;1;1;1;1;1;1
1302;0;0;1;0;0;0;0;0;0;0;0;0;0;0
1303;0;0;1;2;1;1;1;1;1;1;0;0;0;0
1307;0;0;1;0;0;0;0;0;0;0;0;0;0;0
1311;0;0;1;0;0;0;0;0;0;0;0;0;0;0
AF14;0;0;1;2;1;0;0;0;0;0;0;0;0;0
AF15;0;0;1;1;0;0;0;0;0;0;0;0;0;0
FA3;0;0;1;1;1;1;1;0;0;0;0;0;0;0
FA4;0;0;1;2;1;1;1;1;1;0;0;0;0;0
JP16;0;0;1;1;1;1;1;1;0;0;0;0;0;0
JP17;0;0;1;1;1;1;1;1;1;0;0;0;0;0
JP19;0;0;1;1;1;1;1;1;1;0;0;0;0;0
JP20;0;0;1;1;1;1;1;1;1;0;0;0;0;0
JP23;0;0;1;1;1;1;1;1;1;0;0;0;0;0
MP20;0;0;1;1;1;1;1;0;0;0;0;0;0;0
MP21;0;0;1;1;2;2;1;1;1;0;0;0;0;0
MP26;0;0;1;1;1;1;1;1;1;1;1;1;1;1
MP30;0;0;1;1;1;0;0;0;0;0;0;0;0;0
MP31;0;0;1;1;1;0;0;0;0;0;0;0;0;0
MP36;0;0;1;1;0;0;0;0;0;0;0;0;0;0
MP49;0;0;1;1;1;1;1;1;1;1;1;1;1;1
MP50;0;0;1;1;1;1;0;0;0;0;0;0;0;0
MP51;0;0;1;1;1;1;0;0;0;0;0;0;0;0
MP52;0;0;1;1;1;1;0;0;0;0;0;0;0;0
MP53;0;0;1;1;1;1;0;0;0;0;0;0;0;0
MP61;0;0;1;1;1;0;0;0;0;0;0;0;0;0
MP62;0;0;1;1;1;0;0;0;0;0;0;0;0;0
MP65;0;0;1;1;1;1;0;0;0;0;0;0;0;0
MP70;0;0;1;1;1;0;0;0;0;0;0;0;0;0
MP71;0;0;1;1;1;0;0;0;0;0;0;0;0;0
MP73;0;0;1;1;1;0;0;0;0;0;0;0;0;0
MP74;0;0;1;1;1;3;1;1;1;1;0;0;0;0
MP75;0;0;1;1;1;1;1;1;0;0;0;0;0;0
MP79;0;0;1;1;1;1;1;1;0;0;0;0;0;0
MP81;0;0;1;1;1;1;1;1;0;0;0;0;0;0
MP83;0;0;1;1;1;0;0;0;0;0;0;0;0;0
SI16;0;0;1;1;1;1;1;1;1;1;1;1;1;0
SI17;0;0;1;1;1;1;1;1;1;1;1;1;1;0
SP18;0;0;1;2;1;1;1;1;1;1;1;2;1;1
TM8;0;0;1;1;1;1;1;1;1;0;0;0;0;0
TM9;0;0;1;1;1;1;1;1;1;0;0;0;0;0
XT1;0;0;1;2;0;0;0;0;0;0;0;0;0;0
XT2;0;0;1;2;2;0;0;0;0;0;0;0;0;0
1313;0;0;0;1;1;1;0;0;0;0;0;0;0;0
1320;0;0;0;1;1;0;0;0;0;0;0;0;0;0
1321;0;0;0;1;1;0;0;0;0;0;0;0;0;0
1323;0;0;0;1;0;0;0;0;0;0;0;0;0;0
1332;0;0;0;1;1;0;0;0;0;0;0;0;0;0
AX25;0;0;0;1;2;0;0;0;0;0;0;0;0;0
FA6;0;0;0;1;1;1;1;1;1;1;1;1;2;1
JP21;0;0;0;1;1;1;1;1;1;0;0;0;0;0
JP22;0;0;0;1;1;1;1;1;1;0;0;0;0;0
MP40;0;0;0;1;1;1;1;0;0;0;0;0;0;0
MP42;0;0;0;1;1;0;0;0;0;0;0;0;0;0
MP43;0;0;0;1;1;0;0;0;0;0;0;0;0;0
MP45;0;0;0;1;1;0;0;0;0;0;0;0;0;0
MP46;0;0;0;1;1;0;0;0;0;0;0;0;0;0
MP48;0;0;0;1;1;1;1;1;1;1;1;1;1;1
MP58;0;0;0;1;1;1;1;1;1;1;1;1;1;1
MP59;0;0;0;1;0;0;0;0;0;0;0;0;0;0
MP60;0;0;0;1;1;1;1;0;0;0;0;0;0;0
MP63;0;0;0;1;0;0;0;0;0;0;0;0;0;0
MP64;0;0;0;1;1;1;1;1;1;1;1;1;1;1
MP66;0;0;0;1;1;1;0;0;0;0;0;0;0;0
MP68;0;0;0;1;1;1;1;1;1;1;1;1;1;1
MP69;0;0;0;1;2;0;0;0;0;0;0;0;0;0
MP72;0;0;0;1;1;1;1;1;1;1;0;0;0;0
MP76;0;0;0;1;1;1;1;1;0;0;0;0;0;0
MP77;0;0;0;1;1;3;1;1;1;1;0;0;0;0
MP78;0;0;0;1;1;1;1;1;0;0;0;0;0;0
MP97;0;0;0;1;1;0;0;0;0;0;0;0;0;0
SI14;0;0;0;1;1;1;1;1;1;2;1;1;1;1
SI18;0;0;0;1;1;1;1;1;1;1;1;1;1;0
SI19;0;0;0;1;1;1;1;1;1;1;1;1;1;0
TM10;0;0;0;1;0;0;0;0;0;0;0;0;0;0
TM11;0;0;0;1;1;1;1;1;1;0;0;0;0;0
1333;0;0;0;0;1;2;1;1;0;0;0;0;0;0
1336;0;0;0;0;1;2;2;0;0;0;0;0;0;0
1357;0;0;0;0;1;1;1;1;0;0;0;0;0;0
AF17;0;0;0;0;1;1;1;1;1;1;1;1;0;0
AF18;0;0;0;0;1;1;1;1;0;0;0;0;0;0
AF19;0;0;0;0;1;1;3;1;0;0;0;0;0;0
AF20;0;0;0;0;1;1;1;1;0;0;0;0;0;0
AX26;0;0;0;0;1;0;0;0;0;0;0;0;0;0
FA8;0;0;0;0;1;1;1;1;3;1;1;1;1;1
MP80;0;0;0;0;1;1;1;1;1;1;1;1;1;1
MP84;0;0;0;0;1;1;1;1;1;1;1;1;1;1
MP85;0;0;0;0;1;1;1;1;1;1;1;1;1;1
MP91;0;0;0;0;1;1;1;1;0;0;0;0;0;0
MP92;0;0;0;0;1;1;1;1;0;0;0;0;0;0
TM12;0;0;0;0;1;1;1;1;1;1;1;1;1;1
TM13;0;0;0;0;1;1;1;1;1;0;0;0;0;0
TM14;0;0;0;0;1;1;1;1;1;0;0;0;0;0
TM15;0;0;0;0;1;1;1;1;1;0;0;0;0;0
1341;0;0;0;0;0;1;0;0;0;0;0;0;0;0
1342;0;0;0;0;0;1;0;0;0;0;0;0;0;0
1343;0;0;0;0;0;1;0;0;0;0;0;0;0;0
1345;0;0;0;0;0;1;2;1;0;0;0;0;0;0
1346;0;0;0;0;0;1;0;0;0;0;0;0;0;0
1347;0;0;0;0;0;1;0;0;0;0;0;0;0;0
1350;0;0;0;0;0;1;1;1;1;1;1;1;0;0
1351;0;0;0;0;0;1;0;0;0;0;0;0;0;0
1352;0;0;0;0;0;1;1;0;0;0;0;0;0;0
1360;0;0;0;0;0;1;1;1;1;0;0;0;0;0
1367;0;0;0;0;0;1;1;1;0;0;0;0;0;0
AF25;0;0;0;0;0;1;1;0;0;0;0;0;0;0
Angela;0;0;0;0;0;1;1;1;1;0;0;0;0;0
Cibele;0;0;0;0;0;1;1;1;0;0;0;0;0;0
Cris;0;0;0;0;0;1;1;1;0;0;0;0;0;0
FA10;0;0;0;0;0;1;1;1;1;1;1;1;1;1
FA11;0;0;0;0;0;1;1;1;0;0;0;0;0;0
FA12;0;0;0;0;0;1;1;1;2;1;1;0;0;0
FP1;0;0;0;0;0;1;0;0;0;0;0;0;0;0
FP2;0;0;0;0;0;1;1;2;0;0;0;0;0;0
JP24;0;0;0;0;0;1;1;1;1;0;0;0;0;0
MP100;0;0;0;0;0;1;1;1;1;1;1;1;1;1
MP101;0;0;0;0;0;1;1;0;0;0;0;0;0;0
MP102;0;0;0;0;0;1;1;1;1;1;1;1;1;1
MP103;0;0;0;0;0;1;1;1;1;1;1;1;1;1
MP114;0;0;0;0;0;1;1;1;0;0;0;0;0;0
MP120;0;0;0;0;0;1;1;1;0;0;0;0;0;0
MP124;0;0;0;0;0;1;1;1;0;0;0;0;0;0
MP38;0;0;0;0;0;1;1;1;1;1;1;1;1;1
MP39;0;0;0;0;0;1;1;1;1;1;1;1;1;1
MP86;0;0;0;0;0;1;1;1;1;1;1;1;1;1
MP89;0;0;0;0;0;1;1;1;1;1;1;1;1;1
MP94;0;0;0;0;0;1;1;1;1;1;1;1;1;1
MP95;0;0;0;0;0;1;1;1;1;0;0;0;0;0
MP96;0;0;0;0;0;1;1;1;1;0;0;0;0;0
MP98;0;0;0;0;0;1;1;1;1;0;0;0;0;0
MP99;0;0;0;0;0;1;1;1;0;0;0;0;0;0
Nelson;0;0;0;0;0;1;1;1;1;0;0;0;0;0
Rodrigo;0;0;0;0;0;1;1;1;0;0;0;0;0;0
SI20;0;0;0;0;0;1;1;1;1;1;1;1;1;0
SP20;0;0;0;0;0;1;1;0;0;0;0;0;0;0
SP23;0;0;0;0;0;1;1;0;0;0;0;0;0;0
SP24;0;0;0;0;0;1;1;0;0;0;0;0;0;0
SP25;0;0;0;0;0;1;0;0;0;0;0;0;0;0
1353;0;0;0;0;0;0;1;0;0;0;0;0;0;0
1354;0;0;0;0;0;0;1;1;0;0;0;0;0;0
1355;0;0;0;0;0;0;1;1;1;0;0;0;0;0
1358;0;0;0;0;0;0;1;1;1;1;1;1;0;0
1359;0;0;0;0;0;0;1;1;1;1;1;1;0;0
1370;0;0;0;0;0;0;1;1;0;0;0;0;0;0
1371;0;0;0;0;0;0;1;1;0;0;0;0;0;0
EB1;0;0;0;0;0;0;1;1;1;1;0;0;0;0
EB2;0;0;0;0;0;0;1;1;1;1;0;0;0;0
EB3;0;0;0;0;0;0;1;1;1;1;0;0;0;0
EB4;0;0;0;0;0;0;1;1;1;1;0;0;0;0
FA15;0;0;0;0;0;0;1;1;3;0;0;0;3;1
FA16;0;0;0;0;0;0;1;1;3;3;1;0;0;0
FP3;0;0;0;0;0;0;1;0;0;0;0;0;0;0
FP4;0;0;0;0;0;0;1;2;0;0;0;0;0;0
MP110;0;0;0;0;0;0;1;1;1;1;1;1;1;1
MP111;0;0;0;0;0;0;1;1;1;1;1;1;1;1
MP112;0;0;0;0;0;0;1;1;1;1;0;0;0;0
MP113;0;0;0;0;0;0;1;1;1;1;0;0;0;0
MP115;0;0;0;0;0;0;1;1;0;0;0;0;0;0
MP118;0;0;0;0;0;0;1;1;1;1;1;1;1;1
MP119;0;0;0;0;0;0;1;1;1;1;1;1;1;1
MP127;0;0;0;0;0;0;1;1;1;1;1;1;1;1
MP128;0;0;0;0;0;0;1;1;1;1;1;1;1;1
MP129;0;0;0;0;0;0;1;1;1;1;1;1;1;1
MP131;0;0;0;0;0;0;1;1;1;1;0;0;0;0
MP132;0;0;0;0;0;0;1;1;1;1;0;0;0;0
SP26;0;0;0;0;0;0;1;0;0;0;0;0;0;0
TM16;0;0;0;0;0;0;1;1;1;0;0;0;0;0
TM17;0;0;0;0;0;0;1;1;1;0;0;0;0;0
TM18;0;0;0;0;0;0;1;1;1;0;0;0;0;0
TM20;0;0;0;0;0;0;1;1;1;2;1;0;0;0
1361;0;0;0;0;0;0;0;1;1;0;0;0;0;0
1363;0;0;0;0;0;0;0;1;0;0;0;0;0;0
1364;0;0;0;0;0;0;0;1;0;0;0;0;0;0
1365;0;0;0;0;0;0;0;1;0;0;0;0;0;0
1366;0;0;0;0;0;0;0;1;0;0;0;0;0;0
FA19;0;0;0;0;0;0;0;1;3;1;1;1;1;1
FA20;0;0;0;0;0;0;0;1;3;0;0;0;0;0
FP6;0;0;0;0;0;0;0;1;2;0;0;0;0;0
MP116;0;0;0;0;0;0;0;1;0;0;0;0;0;0
MP117;0;0;0;0;0;0;0;1;0;0;0;0;0;0
MP141;0;0;0;0;0;0;0;1;1;1;1;1;1;1
MP142;0;0;0;0;0;0;0;1;1;1;1;1;2;1
MP143;0;0;0;0;0;0;0;1;1;1;1;1;1;1
MP144;0;0;0;0;0;0;0;1;1;1;1;1;1;1
MP152;0;0;0;0;0;0;0;1;1;1;1;1;1;1
MP153;0;0;0;0;0;0;0;1;1;1;1;1;1;1
MP172;0;0;0;0;0;0;0;1;1;1;1;1;1;1
MP173;0;0;0;0;0;0;0;1;0;0;0;0;0;0
MP174;0;0;0;0;0;0;0;1;0;0;0;0;0;0
MP175;0;0;0;0;0;0;0;1;2;1;1;1;1;0
TM19;0;0;0;0;0;0;0;1;1;1;1;1;1;1
TM21;0;0;0;0;0;0;0;1;1;0;0;0;0;0
TM22;0;0;0;0;0;0;0;1;2;0;0;0;0;0
1372;0;0;0;0;0;0;0;0;1;0;0;0;0;0
1373;0;0;0;0;0;0;0;0;1;0;0;0;0;0
1389;0;0;0;0;0;0;0;0;1;1;1;0;0;0
FA21;0;0;0;0;0;0;0;0;1;3;1;1;1;1
FA22;0;0;0;0;0;0;0;0;1;3;1;0;3;1
FA25;0;0;0;0;0;0;0;0;1;3;1;0;0;0
FA26;0;0;0;0;0;0;0;0;1;3;1;1;1;1
FP7;0;0;0;0;0;0;0;0;1;1;2;0;0;0
MP154;0;0;0;0;0;0;0;0;1;1;1;1;1;1
MP155;0;0;0;0;0;0;0;0;1;1;1;1;1;1
MP156;0;0;0;0;0;0;0;0;1;1;1;1;1;1
MP176;0;0;0;0;0;0;0;0;1;0;0;0;0;0
MP177;0;0;0;0;0;0;0;0;1;1;1;1;1;0
MP183;0;0;0;0;0;0;0;0;1;1;1;1;1;1
MP192;0;0;0;0;0;0;0;0;1;0;2;1;1;2
MP193;0;0;0;0;0;0;0;0;1;1;2;0;0;0
MP194;0;0;0;0;0;0;0;0;1;1;1;1;1;0
MP195;0;0;0;0;0;0;0;0;1;1;2;1;1;1
MP196;0;0;0;0;0;0;0;0;1;1;1;0;0;0
SP31;0;0;0;0;0;0;0;0;1;0;0;0;0;0
SP32;0;0;0;0;0;0;0;0;1;0;0;0;0;0
FA27;0;0;0;0;0;0;0;0;0;1;2;0;0;0
FA28;0;0;0;0;0;0;0;0;0;1;3;1;1;1
FA30;0;0;0;0;0;0;0;0;0;1;0;0;0;0
FA31;0;0;0;0;0;0;0;0;0;1;1;1;1;0
MP178;0;0;0;0;0;0;0;0;0;1;0;0;0;0
MP179;0;0;0;0;0;0;0;0;0;1;0;0;0;0
MP184;0;0;0;0;0;0;0;0;0;1;1;1;1;1
MP185;0;0;0;0;0;0;0;0;0;1;0;0;0;0
MP186;0;0;0;0;0;0;0;0;0;1;1;1;1;1
MP187;0;0;0;0;0;0;0;0;0;1;1;1;1;1
MP190;0;0;0;0;0;0;0;0;0;1;1;1;1;0
MP191;0;0;0;0;0;0;0;0;0;1;1;1;1;0
MP210;0;0;0;0;0;0;0;0;0;1;1;1;1;1
MP211;0;0;0;0;0;0;0;0;0;1;1;1;1;1
MP213;0;0;0;0;0;0;0;0;0;1;1;1;1;1
1388;0;0;0;0;0;0;0;0;0;0;1;1;0;0
AX9;0;0;0;0;0;0;0;0;0;0;1;1;1;1
FA32;0;0;0;0;0;0;0;0;0;0;1;1;1;2
FA33;0;0;0;0;0;0;0;0;0;0;1;1;1;1
FA35;0;0;0;0;0;0;0;0;0;0;1;1;1;1
FP10;0;0;0;0;0;0;0;0;0;0;1;1;2;2
FP11;0;0;0;0;0;0;0;0;0;0;1;1;1;1
MP224;0;0;0;0;0;0;0;0;0;0;1;1;1;1
MP225;0;0;0;0;0;0;0;0;0;0;1;1;1;1
MP227;0;0;0;0;0;0;0;0;0;0;1;1;1;1
MP230;0;0;0;0;0;0;0;0;0;0;1;1;1;1
MP231;0;0;0;0;0;0;0;0;0;0;1;1;1;1
QL1;0;0;0;0;0;0;0;0;0;0;1;1;0;0
QL2;0;0;0;0;0;0;0;0;0;0;1;1;1;1
QL3;0;0;0;0;0;0;0;0;0;0;1;1;1;1
UR1;0;0;0;0;0;0;0;0;0;0;1;2;3;2
UR4;0;0;0;0;0;0;0;0;0;0;1;1;0;0
FA36;0;0;0;0;0;0;0;0;0;0;0;1;2;1
FA37;0;0;0;0;0;0;0;0;0;0;0;1;1;0
FA39;0;0;0;0;0;0;0;0;0;0;0;1;1;1
FP16;0;0;0;0;0;0;0;0;0;0;0;1;1;1
FP17;0;0;0;0;0;0;0;0;0;0;0;1;2;1
KN1;0;0;0;0;0;0;0;0;0;0;0;1;1;1
KN2;0;0;0;0;0;0;0;0;0;0;0;1;1;1
MP207;0;0;0;0;0;0;0;0;0;0;0;1;1;1
MP208;0;0;0;0;0;0;0;0;0;0;0;1;1;1
MP209;0;0;0;0;0;0;0;0;0;0;0;1;2;1
MP212;0;0;0;0;0;0;0;0;0;0;0;1;1;1
MP214;0;0;0;0;0;0;0;0;0;0;0;1;1;1
MP215;0;0;0;0;0;0;0;0;0;0;0;1;1;1
MP226;0;0;0;0;0;0;0;0;0;0;0;1;1;1
MP277;0;0;0;0;0;0;0;0;0;0;0;1;2;1
MP285;0;0;0;0;0;0;0;0;0;0;0;1;2;1
UR2;0;0;0;0;0;0;0;0;0;0;0;1;1;0
FA40.1;0;0;0;0;0;0;0;0;0;0;0;0;1;1
FA41;0;0;0;0;0;0;0;0;0;0;0;0;1;1
FA43;0;0;0;0;0;0;0;0;0;0;0;0;1;1
FP14;0;0;0;0;0;0;0;0;0;0;0;0;1;1
MP213.1;0;0;0;0;0;0;0;0;0;0;0;0;1;1
MP228;0;0;0;0;0;0;0;0;0;0;0;0;1;1
MP229;0;0;0;0;0;0;0;0;0;0;0;0;1;1
MP232;0;0;0;0;0;0;0;0;0;0;0;0;1;1
MP233;0;0;0;0;0;0;0;0;0;0;0;0;1;1
MP279;0;0;0;0;0;0;0;0;0;0;0;0;1;1
MP298;0;0;0;0;0;0;0;0;0;0;0;0;1;1
MP299;0;0;0;0;0;0;0;0;0;0;0;0;1;1
MP318;0;0;0;0;0;0;0;0;0;0;0;0;1;1
MP327;0;0;0;0;0;0;0;0;0;0;0;0;1;1
MP328;0;0;0;0;0;0;0;0;0;0;0;0;1;1
MP331;0;0;0;0;0;0;0;0;0;0;0;0;1;1
MP332;0;0;0;0;0;0;0;0;0;0;0;0;1;1
MP333;0;0;0;0;0;0;0;0;0;0;0;0;1;1
MP354;0;0;0;0;0;0;0;0;0;0;0;0;1;1
MP355;0;0;0;0;0;0;0;0;0;0;0;0;1;1
MP356;0;0;0;0;0;0;0;0;0;0;0;0;1;1
MP358;0;0;0;0;0;0;0;0;0;0;0;0;1;1
MP362;0;0;0;0;0;0;0;0;0;0;0;0;1;1
MP363;0;0;0;0;0;0;0;0;0;0;0;0;1;1
MP364;0;0;0;0;0;0;0;0;0;0;0;0;1;1
MP367;0;0;0;0;0;0;0;0;0;0;0;0;1;1
MP368;0;0;0;0;0;0;0;0;0;0;0;0;1;1
MP369;0;0;0;0;0;0;0;0;0;0;0;0;1;1
MP370;0;0;0;0;0;0;0;0;0;0;0;0;1;1
MP383;0;0;0;0;0;0;0;0;0;0;0;0;1;1
MP384;0;0;0;0;0;0;0;0;0;0;0;0;1;1
UR3;0;0;0;0;0;0;0;0;0;0;0;0;1;1
UR7;0;0;0;0;0;0;0;0;0;0;0;0;1;0
FA45;0;0;0;0;0;0;0;0;0;0;0;0;0;1
FP18;0;0;0;0;0;0;0;0;0;0;0;0;0;1
FP19;0;0;0;0;0;0;0;0;0;0;0;0;0;1
MP278;0;0;0;0;0;0;0;0;0;0;0;0;0;1
MP454;0;0;0;0;0;0;0;0;0;0;0;0;0;1
MP458;0;0;0;0;0;0;0;0;0;0;0;0;0;1
MP459;0;0;0;0;0;0;0;0;0;0;0;0;0;1
MP460;0;0;0;0;0;0;0;0;0;0;0;0;0;1
MP461;0;0;0;0;0;0;0;0;0;0;0;0;0;1
MP467;0;0;0;0;0;0;0;0;0;0;0;0;0;1
MP468;0;0;0;0;0;0;0;0;0;0;0;0;0;1
MP469;0;0;0;0;0;0;0;0;0;0;0;0;0;1
MP471;0;0;0;0;0;0;0;0;0;0;0;0;0;1
MP472;0;0;0;0;0;0;0;0;0;0;0;0;0;1
MP473;0;0;0;0;0;0;0;0;0;0;0;0;0;1
MP474;0;0;0;0;0;0;0;0;0;0;0;0;0;1
MP475;0;0;0;0;0;0;0;0;0;0;0;0;0;1
MP476;0;0;0;0;0;0;0;0;0;0;0;0;0;1
MP478;0;0;0;0;0;0;0;0;0;0;0;0;0;1
MP479;0;0;0;0;0;0;0;0;0;0;0;0;0;1
MP480;0;0;0;0;0;0;0;0;0;0;0;0;0;1
MP481;0;0;0;0;0;0;0;0;0;0;0;0;0;1
MP482;0;0;0;0;0;0;0;0;0;0;0;0;0;1
MP487;0;0;0;0;0;0;0;0;0;0;0;0;0;1
MP488;0;0;0;0;0;0;0;0;0;0;0;0;0;1
MP493;0;0;0;0;0;0;0;0;0;0;0;0;0;1
MP494;0;0;0;0;0;0;0;0;0;0;0;0;0;1
MP495;0;0;0;0;0;0;0;0;0;0;0;0;0;1
MP499;0;0;0;0;0;0;0;0;0;0;0;0;0;1
MP500;0;0;0;0;0;0;0;0;0;0;0;0;0;1
MP502;0;0;0;0;0;0;0;0;0;0;0;0;0;1
MP503;0;0;0;0;0;0;0;0;0;0;0;0;0;1
MP504;0;0;0;0;0;0;0;0;0;0;0;0;0;1
MP505;0;0;0;0;0;0;0;0;0;0;0;0;0;1
QL4;0;0;0;0;0;0;0;0;0;0;0;0;0;1
QL5;0;0;0;0;0;0;0;0;0;0;0;0;0;1
QL6;0;0;0;0;0;0;0;0;0;0;0;0;0;1
UR8;0;0;0;0;0;0;0;0;0;0;0;0;0;1
UR9;0;0;0;0;0;0;0;0;0;0;0;0;0;1
