GLT;Obs1989;Obs1990;Obs1991;Obs1992;Obs1993;Obs1994;Obs1995;Obs1996;Obs1997;Obs1998;Obs1999;Obs2000;Obs2001;Obs2002;Obs2003;Obs2004;Obs2005;Obs2006;Obs2007;Obs2008;Obs2009;Obs2010;Obs2011;Obs2012;Obs2013;Obs2014;Obs2015;Obs2016;Obs2017;Obs2018;Obs2019;Obs2020;Obs2021;Obs2022
R8;1;1;2;0;2;0;2;0;2;0;0;0;2;2;2;2;2;2;2;0;0;0;0;0;0;0;0;0;0;0;0;0;0;0
R9;1;1;2;0;2;0;2;2;0;2;2;0;2;2;2;2;2;2;2;0;0;0;0;0;0;0;0;0;0;0;0;0;0;0
LA6;0;1;2;2;2;2;2;2;2;2;2;2;0;0;0;0;0;0;0;0;0;0;0;0;0;0;0;0;0;0;0;0;0;0
LA7;0;1;1;2;0;2;2;0;2;2;0;0;0;0;0;0;0;0;0;0;0;0;0;0;0;0;0;0;0;0;0;0;0;0
LA8;0;1;1;1;0;0;0;2;0;2;0;0;2;2;2;0;0;0;0;0;0;0;0;0;0;0;0;0;0;0;0;0;0;0
P6;0;2;2;2;2;2;0;2;0;0;0;0;0;0;0;0;0;0;0;0;0;0;0;0;0;0;0;0;0;0;0;0;0;0
RT1;0;2;0;0;2;2;2;0;0;0;0;0;2;2;2;2;2;2;0;0;0;0;0;0;0;0;0;0;0;0;0;0;0;0
RT2;0;2;0;0;2;0;0;2;0;0;0;0;2;2;2;2;2;0;2;0;0;0;0;0;0;0;0;0;0;0;0;0;0;0
RZ3;0;1;0;0;2;2;0;0;0;0;0;0;2;2;2;2;2;2;0;0;0;0;0;0;0;0;0;0;0;0;0;0;0;0
S4;0;1;0;0;0;0;2;2;0;2;0;0;2;2;2;0;0;0;0;0;0;0;0;0;0;0;0;0;0;0;0;0;0;0
S6;0;1;2;2;2;2;2;2;2;2;0;0;2;2;2;0;0;0;0;0;0;0;0;0;0;0;0;0;0;0;0;0;0;0
SK1;0;1;2;0;0;0;0;0;0;0;0;0;2;2;2;0;0;0;0;0;0;0;0;0;0;0;0;0;0;0;0;0;0;0
W3;0;2;2;2;0;2;2;0;2;2;0;0;2;2;2;2;2;2;2;0;0;0;0;0;0;0;0;0;0;0;0;0;0;0
W6;0;1;2;2;2;2;2;2;2;2;0;0;0;0;0;0;0;0;0;0;0;0;0;0;0;0;0;0;0;0;0;0;0;0
W7;0;1;2;0;0;0;0;0;0;0;0;0;0;0;0;0;0;0;0;0;0;0;0;0;0;0;0;0;0;0;0;0;0;0
W9;0;1;1;2;0;2;2;0;0;0;0;0;0;0;0;0;0;0;0;0;0;0;0;0;0;0;0;0;0;0;0;0;0;0
LA10;0;0;1;1;2;2;0;0;0;0;0;0;0;0;0;0;0;0;0;0;0;0;0;0;0;0;0;0;0;0;0;0;0;0
LA9;0;0;1;1;0;0;0;2;2;2;0;0;2;2;2;0;0;0;0;0;0;0;0;0;0;0;0;0;0;0;0;0;0;0
LC1;0;0;1;1;0;0;2;0;0;0;0;0;2;2;2;0;0;0;0;0;0;0;0;0;0;0;0;0;0;0;0;0;0;0
O8;0;0;1;1;0;0;0;0;0;0;0;0;0;0;0;0;0;0;0;0;0;0;0;0;0;0;0;0;0;0;0;0;0;0
W12;0;0;1;1;0;2;2;2;0;0;0;0;2;2;2;0;0;0;0;0;0;0;0;0;0;0;0;0;0;0;0;0;0;0
W13;0;0;1;0;0;0;0;0;0;2;0;0;2;2;2;2;2;2;2;0;0;0;0;0;0;0;0;0;0;0;0;0;0;0
2317;0;0;0;1;0;2;2;2;2;0;2;2;0;0;0;0;0;0;0;0;0;0;0;0;0;0;0;0;0;0;0;0;0;0
CM10;0;0;0;1;1;2;2;2;0;0;0;0;2;2;2;0;0;0;0;0;0;0;0;0;0;0;0;0;0;0;0;0;0;0
CM8;0;0;0;1;0;0;0;0;0;0;0;0;0;0;0;0;0;0;0;0;0;0;0;0;0;0;0;0;0;0;0;0;0;0
CM9;0;0;0;1;1;2;2;2;2;2;0;0;0;0;0;0;0;0;0;0;0;0;0;0;0;0;0;0;0;0;0;0;0;0
E3;0;0;0;2;0;0;2;0;0;2;0;0;0;0;0;0;0;0;0;0;0;0;0;0;0;0;0;0;0;0;0;0;0;0
E5;0;0;0;2;0;2;2;2;0;0;0;0;0;0;0;0;0;0;0;0;0;0;0;0;0;0;0;0;0;0;0;0;0;0
E6;0;0;0;1;0;0;2;2;2;2;0;2;2;2;2;2;2;2;2;0;0;0;0;0;0;0;0;0;0;0;0;0;0;0
LC3;0;0;0;2;2;2;0;2;0;2;0;0;2;2;2;0;0;0;0;0;0;0;0;0;0;0;0;0;0;0;0;0;0;0
LC4;0;0;0;1;1;2;0;2;2;2;0;2;2;2;2;0;0;0;0;0;0;0;0;0;0;0;0;0;0;0;0;0;0;0
SC;0;0;0;2;0;0;0;0;0;2;0;0;0;0;0;0;0;0;0;0;0;0;0;0;0;0;0;0;0;0;0;0;0;0
ST3;0;0;0;1;0;2;2;0;2;2;2;2;2;2;2;2;0;0;0;0;0;0;0;0;0;0;0;0;0;0;0;0;0;0
W14;0;0;0;1;0;2;2;2;2;0;0;0;0;0;0;0;0;0;0;0;0;0;0;0;0;0;0;0;0;0;0;0;0;0
W16;0;0;0;1;0;0;2;0;2;0;0;0;2;2;2;0;0;0;0;0;0;0;0;0;0;0;0;0;0;0;0;0;0;0
W17;0;0;0;1;0;2;0;2;0;0;0;0;0;0;0;0;0;0;0;0;0;0;0;0;0;0;0;0;0;0;0;0;0;0
CA1;0;0;0;0;2;0;0;0;0;2;0;0;0;0;0;0;0;0;0;0;0;0;0;0;0;0;0;0;0;0;0;0;0;0
CA2;0;0;0;0;2;2;2;0;0;0;0;0;2;2;2;0;0;0;0;0;0;0;0;0;0;0;0;0;0;0;0;0;0;0
CM12;0;0;0;0;1;2;2;2;0;2;0;0;2;2;2;0;0;0;0;0;0;0;0;0;0;0;0;0;0;0;0;0;0;0
L5;0;0;0;0;2;2;2;2;2;2;0;0;0;0;0;0;0;0;0;0;0;0;0;0;0;0;0;0;0;0;0;0;0;0
LA11;0;0;0;0;1;1;2;2;2;2;0;0;0;0;0;0;0;0;0;0;0;0;0;0;0;0;0;0;0;0;0;0;0;0
LA12;0;0;0;0;1;1;2;2;2;0;0;2;2;2;2;2;2;2;2;0;2;0;0;0;0;0;0;0;0;0;0;0;0;0
LC6;0;0;0;0;1;2;0;2;2;0;0;0;2;2;2;2;2;2;2;0;0;0;0;0;0;0;0;0;0;0;0;0;0;0
O13;0;0;0;0;1;0;2;2;2;2;0;2;2;2;2;0;0;0;0;0;0;0;0;0;0;0;0;0;0;0;0;0;0;0
RL2;0;0;0;0;1;1;2;0;0;0;0;0;0;0;0;0;2;2;0;0;0;0;0;0;0;0;0;0;0;0;0;0;0;0
SE3;0;0;0;0;1;0;0;0;2;0;0;0;2;2;2;2;2;2;2;0;0;0;0;0;0;0;0;0;0;0;0;0;0;0
SK3;0;0;0;0;1;2;2;2;0;0;0;0;2;2;2;2;2;2;2;0;0;0;0;0;0;0;0;0;0;0;0;0;0;0
SK4;0;0;0;0;1;2;2;0;0;0;0;0;2;2;2;0;0;0;0;0;0;0;0;0;0;0;0;0;0;0;0;0;0;0
SK5;0;0;0;0;1;0;0;0;0;0;0;0;2;2;2;0;0;0;0;0;0;0;0;0;0;0;0;0;0;0;0;0;0;0
ST6;0;0;0;0;1;2;2;2;0;0;2;2;2;2;2;2;2;2;2;0;2;0;0;0;0;0;0;0;0;0;0;0;0;0
ST7;0;0;0;0;1;0;2;2;2;2;2;0;0;0;0;0;0;0;0;0;0;0;0;0;0;0;0;0;0;0;0;0;0;0
AD4;0;0;0;0;0;2;2;2;2;2;0;0;0;0;0;0;0;0;0;0;0;0;0;0;0;0;0;0;0;0;0;0;0;0
CA10;0;0;0;0;0;1;0;0;0;0;0;0;2;2;2;2;2;2;2;0;0;0;0;0;0;0;0;0;0;0;0;0;0;0
CA4;0;0;0;0;0;2;2;0;2;0;0;0;2;2;2;2;2;2;2;0;0;0;0;0;0;0;0;0;0;0;0;0;0;0
CA5;0;0;0;0;0;2;2;2;2;2;2;0;2;0;2;0;0;0;0;0;0;0;0;0;0;0;0;0;0;0;0;0;0;0
CB4;0;0;0;0;0;2;2;2;0;0;0;0;0;0;0;0;0;0;0;0;0;0;0;0;0;0;0;0;0;0;0;0;0;0
CB5;0;0;0;0;0;2;2;0;0;0;0;0;2;2;2;2;2;2;2;0;0;0;0;0;0;0;0;0;0;0;0;0;0;0
CB6;0;0;0;0;0;2;2;2;0;0;0;0;2;2;2;0;0;0;0;0;0;0;0;0;0;0;0;0;0;0;0;0;0;0
CM11;0;0;0;0;0;1;2;2;0;0;0;2;2;2;2;2;2;2;2;0;2;0;0;0;0;0;0;0;0;0;0;0;0;0
CM13;0;0;0;0;0;1;2;2;2;2;0;0;2;2;2;2;2;2;2;0;2;0;0;0;0;0;0;0;0;0;0;0;0;0
CM15;0;0;0;0;0;1;1;0;2;2;0;0;2;2;2;2;2;2;2;0;0;0;0;0;0;0;0;0;0;0;0;0;0;0
CM16;0;0;0;0;0;1;0;0;2;0;0;0;0;0;0;0;0;0;0;0;0;0;0;0;0;0;0;0;0;0;0;0;0;0
LA15;0;0;0;0;0;1;2;2;0;0;0;0;2;2;2;2;2;2;0;0;0;0;0;0;0;0;0;0;0;0;0;0;0;0
LA16;0;0;0;0;0;1;2;2;2;0;0;0;2;2;2;2;2;2;0;0;0;0;0;0;0;0;0;0;0;0;0;0;0;0
MA3;0;0;0;0;0;1;0;2;0;0;0;0;2;2;2;2;2;2;2;0;0;0;0;0;0;0;0;0;0;0;0;0;0;0
MA5;0;0;0;0;0;1;1;2;0;2;2;0;2;0;0;0;0;0;0;0;0;0;0;0;0;0;0;0;0;0;0;0;0;0
RL4;0;0;0;0;0;2;2;2;0;0;0;0;2;2;2;2;2;2;2;0;0;0;0;0;0;0;0;0;0;0;0;0;0;0
RZ12;0;0;0;0;0;1;0;2;0;0;0;0;2;2;2;2;2;0;0;0;0;0;0;0;0;0;0;0;0;0;0;0;0;0
RZ4;0;0;0;0;0;2;0;0;0;0;0;0;2;2;2;2;2;2;0;0;0;0;0;0;0;0;0;0;0;0;0;0;0;0
RZ9;0;0;0;0;0;2;0;0;0;0;0;0;2;2;2;2;2;2;0;0;0;0;0;0;0;0;0;0;0;0;0;0;0;0
SE4;0;0;0;0;0;1;1;0;0;0;0;0;2;2;2;2;2;2;2;0;0;0;0;0;0;0;0;0;0;0;0;0;0;0
SK6;0;0;0;0;0;1;2;2;0;0;0;0;2;2;2;2;2;2;2;0;0;0;0;0;0;0;0;0;0;0;0;0;0;0
SK7;0;0;0;0;0;1;2;2;2;0;0;0;2;2;2;2;2;2;2;0;0;0;0;0;0;0;0;0;0;0;0;0;0;0
TR1;0;0;0;0;0;1;1;2;2;2;0;2;2;2;2;2;2;2;2;0;2;0;0;0;0;0;0;0;0;0;0;0;0;0
TR2;0;0;0;0;0;1;1;2;0;0;0;0;0;0;0;0;0;0;0;0;0;0;0;0;0;0;0;0;0;0;0;0;0;0
W10;0;0;0;0;0;2;0;0;0;0;0;0;2;2;2;2;2;2;2;0;0;0;0;0;0;0;0;0;0;0;0;0;0;0
W20;0;0;0;0;0;1;2;2;2;2;0;0;2;2;2;2;2;2;2;0;0;0;0;0;0;0;0;0;0;0;0;0;0;0
AP6;0;0;0;0;0;0;2;0;0;0;0;0;0;0;0;0;0;0;0;0;0;0;0;0;0;0;0;0;0;0;0;0;0;0
AT1;0;0;0;0;0;0;2;2;0;2;0;0;0;0;0;0;0;0;0;0;0;0;0;0;0;0;0;0;0;0;0;0;0;0
AT2;0;0;0;0;0;0;2;2;2;0;0;0;0;0;0;0;0;0;0;0;0;0;0;0;0;0;0;0;0;0;0;0;0;0
BA5;0;0;0;0;0;0;2;0;0;0;0;0;0;0;0;0;0;0;0;0;0;0;0;0;0;0;0;0;0;0;0;0;0;0
CA11;0;0;0;0;0;0;1;1;0;0;0;0;2;2;2;2;2;2;2;0;0;0;0;0;0;0;0;0;0;0;0;0;0;0
CA12;0;0;0;0;0;0;1;1;2;0;0;0;2;2;2;2;2;2;2;0;0;0;0;0;0;0;0;0;0;0;0;0;0;0
CB9;0;0;0;0;0;0;2;2;2;2;0;0;2;2;2;0;0;0;0;0;0;0;0;0;0;0;0;0;0;0;0;0;0;0
CM17;0;0;0;0;0;0;1;2;2;0;0;0;0;0;0;0;0;0;0;0;0;0;0;0;0;0;0;0;0;0;0;0;0;0
CM18;0;0;0;0;0;0;1;0;0;0;0;2;2;2;2;2;2;2;2;0;0;0;0;0;0;0;0;0;0;0;0;0;0;0
CM19;0;0;0;0;0;0;1;0;0;2;2;2;2;2;2;2;2;2;2;0;0;0;0;0;0;0;0;0;0;0;0;0;0;0
CM20;0;0;0;0;0;0;1;0;2;0;0;0;0;0;0;0;0;0;0;0;0;0;0;0;0;0;0;0;0;0;0;0;0;0
E10;0;0;0;0;0;0;1;2;2;2;2;2;2;2;2;2;2;2;2;0;0;0;0;0;0;0;0;0;0;0;0;0;0;0
LA17;0;0;0;0;0;0;1;2;0;0;0;0;0;0;0;0;0;0;0;0;0;0;0;0;0;0;0;0;0;0;0;0;0;0
LA18;0;0;0;0;0;0;1;2;2;2;0;0;0;0;0;0;0;0;0;0;0;0;0;0;0;0;0;0;0;0;0;0;0;0
MK1;0;0;0;0;0;0;1;2;2;2;0;2;2;2;2;2;2;2;2;0;2;0;0;0;0;0;0;0;0;0;0;0;0;0
MK2;0;0;0;0;0;0;1;1;2;2;2;2;2;2;2;0;0;0;0;0;0;0;0;0;0;0;0;0;0;0;0;0;0;0
PR1;0;0;0;0;0;0;1;1;0;0;0;0;2;2;2;2;2;2;2;0;0;0;0;0;0;0;0;0;0;0;0;0;0;0
PT1;0;0;0;0;0;0;2;2;2;0;0;0;0;0;0;0;0;0;0;0;0;0;0;0;0;0;0;0;0;0;0;0;0;0
RL5;0;0;0;0;0;0;1;1;2;2;0;2;2;2;2;2;2;2;0;0;0;0;0;0;0;0;0;0;0;0;0;0;0;0
RP2;0;0;0;0;0;0;1;2;0;2;0;0;0;0;0;0;0;0;0;0;0;0;0;0;0;0;0;0;0;0;0;0;0;0
SK8;0;0;0;0;0;0;1;2;0;0;0;0;2;2;2;0;0;0;0;0;0;0;0;0;0;0;0;0;0;0;0;0;0;0
ST10;0;0;0;0;0;0;1;1;0;0;0;0;2;2;2;2;2;2;2;0;2;0;0;0;0;0;0;0;0;0;0;0;0;0
W21;0;0;0;0;0;0;1;1;2;2;0;0;2;2;2;2;2;2;2;0;0;0;0;0;0;0;0;0;0;0;0;0;0;0
497;0;0;0;0;0;0;0;2;0;0;0;0;2;2;2;2;2;2;0;0;0;0;0;0;0;0;0;0;0;0;0;0;0;0
BK1;0;0;0;0;0;0;0;2;2;2;0;0;2;2;2;2;2;2;2;0;0;0;0;0;0;0;0;0;0;0;0;0;0;0
CA13;0;0;0;0;0;0;0;1;2;2;0;0;2;2;2;2;2;2;2;0;0;0;0;0;0;0;0;0;0;0;0;0;0;0
CA14;0;0;0;0;0;0;0;1;2;0;0;0;2;2;2;2;2;2;2;0;0;0;0;0;0;0;0;0;0;0;0;0;0;0
CH4;0;0;0;0;0;0;0;2;2;0;0;0;2;2;2;2;2;2;2;0;2;0;0;0;0;0;0;0;0;0;0;0;0;0
CM21;0;0;0;0;0;0;0;1;2;2;0;0;2;2;2;2;2;2;2;0;0;0;0;0;0;0;0;0;0;0;0;0;0;0
CM22;0;0;0;0;0;0;0;1;2;0;0;0;0;0;0;0;0;0;0;0;0;0;0;0;0;0;0;0;0;0;0;0;0;0
E11;0;0;0;0;0;0;0;2;2;2;0;0;2;2;2;2;2;2;2;0;0;0;0;0;0;0;0;0;0;0;0;0;0;0
E12;0;0;0;0;0;0;0;1;1;2;0;0;0;0;0;0;0;0;0;0;0;0;0;0;0;0;0;0;0;0;0;0;0;0
E13;0;0;0;0;0;0;0;1;1;2;0;0;2;2;2;2;2;2;2;0;0;0;0;0;0;0;0;0;0;0;0;0;0;0
LA21;0;0;0;0;0;0;0;1;2;2;2;2;2;2;2;2;2;2;2;0;0;0;0;0;0;0;0;0;0;0;0;0;0;0
LC11;0;0;0;0;0;0;0;1;2;0;0;0;2;2;2;2;2;2;2;0;0;0;0;0;0;0;0;0;0;0;0;0;0;0
LC12;0;0;0;0;0;0;0;1;2;2;0;0;2;2;2;2;2;2;2;0;0;0;0;0;0;0;0;0;0;0;0;0;0;0
LG5;0;0;0;0;0;0;0;1;1;0;0;0;2;2;2;2;2;2;2;0;0;0;0;0;0;0;0;0;0;0;0;0;0;0
MK3;0;0;0;0;0;0;0;1;1;2;2;2;2;2;2;2;2;2;2;0;2;0;0;0;0;0;0;0;0;0;0;0;0;0
MK4;0;0;0;0;0;0;0;1;1;2;0;2;2;2;0;0;0;0;0;0;0;0;0;0;0;0;0;0;0;0;0;0;0;0
O19;0;0;0;0;0;0;0;1;2;0;0;0;2;2;2;2;2;2;2;0;0;0;0;0;0;0;0;0;0;0;0;0;0;0
O21;0;0;0;0;0;0;0;1;1;0;0;2;2;2;2;2;2;2;2;0;0;0;0;0;0;0;0;0;0;0;0;0;0;0
O22;0;0;0;0;0;0;0;1;1;0;0;0;0;0;0;0;0;0;0;0;0;0;0;0;0;0;0;0;0;0;0;0;0;0
OL1;0;0;0;0;0;0;0;2;2;2;2;2;2;2;2;2;2;0;0;0;0;0;0;0;0;0;0;0;0;0;0;0;0;0
OL2;0;0;0;0;0;0;0;2;2;2;2;2;2;2;2;2;2;2;2;0;0;0;0;0;0;0;0;0;0;0;0;0;0;0
OL3;0;0;0;0;0;0;0;1;1;2;2;0;2;2;2;2;2;2;2;0;0;0;0;0;0;0;0;0;0;0;0;0;0;0
OL4;0;0;0;0;0;0;0;1;1;2;0;2;2;2;2;2;2;2;2;0;0;0;0;0;0;0;0;0;0;0;0;0;0;0
PT3;0;0;0;0;0;0;0;1;1;2;2;2;0;0;0;0;0;0;0;0;0;0;0;0;0;0;0;0;0;0;0;0;0;0
RL6;0;0;0;0;0;0;0;1;2;0;0;0;2;2;2;2;2;2;0;0;0;0;0;0;0;0;0;0;0;0;0;0;0;0
RL7;0;0;0;0;0;0;0;1;2;2;2;2;0;0;0;0;0;0;0;0;0;0;0;0;0;0;0;0;0;0;0;0;0;0
SE10;0;0;0;0;0;0;0;1;0;2;0;0;2;2;2;2;2;2;2;0;0;0;0;0;0;0;0;0;0;0;0;0;0;0
SE5;0;0;0;0;0;0;0;2;0;2;0;0;2;2;2;2;2;2;2;0;0;0;0;0;0;0;0;0;0;0;0;0;0;0
SK10;0;0;0;0;0;0;0;1;2;0;0;0;2;2;2;0;0;0;0;0;0;0;0;0;0;0;0;0;0;0;0;0;0;0
SK11;0;0;0;0;0;0;0;1;2;0;0;0;2;2;2;2;2;2;2;0;0;0;0;0;0;0;0;0;0;0;0;0;0;0
SK12;0;0;0;0;0;0;0;1;0;0;0;0;0;0;0;0;0;0;0;0;0;0;0;0;0;0;0;0;0;0;0;0;0;0
ST11;0;0;0;0;0;0;0;1;2;2;2;0;2;2;2;2;2;2;2;0;0;0;0;0;0;0;0;0;0;0;0;0;0;0
ST12;0;0;0;0;0;0;0;1;2;2;0;0;2;2;2;2;0;0;0;0;0;0;0;0;0;0;0;0;0;0;0;0;0;0
ST9;0;0;0;0;0;0;0;1;0;0;0;0;0;0;0;0;0;0;0;0;0;0;0;0;0;0;0;0;0;0;0;0;0;0
W22;0;0;0;0;0;0;0;1;0;0;0;0;0;0;0;0;0;0;0;0;0;0;0;0;0;0;0;0;0;0;0;0;0;0
W23;0;0;0;0;0;0;0;1;2;0;0;0;2;2;2;2;2;2;2;0;0;0;0;0;0;0;0;0;0;0;0;0;0;0
WS1;0;0;0;0;0;0;0;1;2;0;0;0;2;2;2;2;2;2;2;0;0;0;0;0;0;0;0;0;0;0;0;0;0;0
WS2;0;0;0;0;0;0;0;1;2;0;0;0;2;2;2;2;2;2;2;0;0;0;0;0;0;0;0;0;0;0;0;0;0;0
AT3;0;0;0;0;0;0;0;0;1;2;2;2;2;2;2;2;2;2;2;0;2;0;0;0;0;0;0;0;0;0;0;0;0;0
CA15;0;0;0;0;0;0;0;0;1;2;2;0;2;2;2;2;2;2;2;0;0;0;0;0;0;0;0;0;0;0;0;0;0;0
CA16;0;0;0;0;0;0;0;0;1;2;2;0;2;2;2;2;2;2;2;0;0;0;0;0;0;0;0;0;0;0;0;0;0;0
CM23;0;0;0;0;0;0;0;0;1;0;0;0;2;2;2;2;2;2;2;0;0;0;0;0;0;0;0;0;0;0;0;0;0;0
CM24;0;0;0;0;0;0;0;0;1;0;0;0;2;2;2;2;2;2;2;0;0;0;0;0;0;0;0;0;0;0;0;0;0;0
CM25;0;0;0;0;0;0;0;0;1;0;0;0;2;2;2;2;2;2;2;0;0;0;0;0;0;0;0;0;0;0;0;0;0;0
CM26;0;0;0;0;0;0;0;0;1;0;0;0;2;2;2;2;2;2;2;0;0;0;0;0;0;0;0;0;0;0;0;0;0;0
E14;0;0;0;0;0;0;0;0;1;1;0;0;0;0;0;0;0;0;0;0;0;0;0;0;0;0;0;0;0;0;0;0;0;0
E15;0;0;0;0;0;0;0;0;1;1;2;2;2;2;2;2;2;2;2;2;0;0;0;0;0;0;0;0;0;0;0;0;0;0
KL1;0;0;0;0;0;0;0;0;1;1;0;0;2;2;2;2;2;2;2;0;0;0;0;0;0;0;0;0;0;0;0;0;0;0
KL2;0;0;0;0;0;0;0;0;1;0;0;2;0;0;0;0;0;0;0;0;0;0;0;0;0;0;0;0;0;0;0;0;0;0
LA19;0;0;0;0;0;0;0;0;1;0;0;0;0;0;0;0;0;0;0;0;0;0;0;0;0;0;0;0;0;0;0;0;0;0
LA20;0;0;0;0;0;0;0;0;1;0;0;0;0;0;0;0;0;0;0;0;0;0;0;0;0;0;0;0;0;0;0;0;0;0
LA22;0;0;0;0;0;0;0;0;1;0;0;0;0;0;0;0;0;0;0;0;0;0;0;0;0;0;0;0;0;0;0;0;0;0
LB3;0;0;0;0;0;0;0;0;1;0;0;0;2;2;2;2;2;2;0;0;0;0;0;0;0;0;0;0;0;0;0;0;0;0
LB4;0;0;0;0;0;0;0;0;1;0;0;0;2;2;2;2;2;2;2;0;0;0;0;0;0;0;0;0;0;0;0;0;0;0
LC13;0;0;0;0;0;0;0;0;1;0;0;0;0;0;0;0;0;0;0;0;0;0;0;0;0;0;0;0;0;0;0;0;0;0
LC14;0;0;0;0;0;0;0;0;1;2;0;0;2;2;2;2;2;2;2;0;0;0;0;0;0;0;0;0;0;0;0;0;0;0
LC16;0;0;0;0;0;0;0;0;1;1;2;0;2;2;2;2;2;2;2;0;0;0;0;0;0;0;0;0;0;0;0;0;0;0
MA10;0;0;0;0;0;0;0;0;1;1;0;2;2;2;2;2;2;2;2;0;2;0;0;0;0;0;0;0;0;0;0;0;0;0
MA11;0;0;0;0;0;0;0;0;1;2;0;0;0;0;0;0;0;0;0;0;0;0;0;0;0;0;0;0;0;0;0;0;0;0
OL5;0;0;0;0;0;0;0;0;1;1;0;2;2;2;2;2;2;2;2;0;2;0;0;0;0;0;0;0;0;0;0;0;0;0
OL6;0;0;0;0;0;0;0;0;1;1;2;0;2;2;2;2;2;2;2;0;0;0;0;0;0;0;0;0;0;0;0;0;0;0
PT4;0;0;0;0;0;0;0;0;1;2;2;0;2;2;2;2;2;2;2;0;2;2;2;0;0;0;0;0;0;0;0;0;0;0
PT5;0;0;0;0;0;0;0;0;1;2;2;2;2;2;1;1;1;1;1;0;1;0;0;0;0;0;0;0;0;0;0;0;0;0
RL8;0;0;0;0;0;0;0;0;1;1;2;0;2;2;2;2;2;2;2;0;0;0;0;0;0;0;0;0;0;0;0;0;0;0
SK13;0;0;0;0;0;0;0;0;1;0;0;2;2;2;2;2;2;2;2;0;0;0;0;0;0;0;0;0;0;0;0;0;0;0
SK9;0;0;0;0;0;0;0;0;2;0;0;0;0;0;0;0;0;0;0;0;0;0;0;0;0;0;0;0;0;0;0;0;0;0
ST13;0;0;0;0;0;0;0;0;1;0;2;0;2;2;2;2;2;2;2;0;0;0;0;0;0;0;0;0;0;0;0;0;0;0
ST14;0;0;0;0;0;0;0;0;1;2;2;0;2;2;2;2;2;2;2;0;2;0;0;0;0;0;0;0;0;0;0;0;0;0
ST15;0;0;0;0;0;0;0;0;1;0;0;0;0;0;0;0;0;0;0;0;0;0;0;0;0;0;0;0;0;0;0;0;0;0
ST16;0;0;0;0;0;0;0;0;1;2;2;2;2;2;2;2;2;2;2;0;2;0;0;0;0;0;0;0;0;0;0;0;0;0
TR8;0;0;0;0;0;0;0;0;1;1;2;0;2;2;2;2;2;2;2;0;0;0;0;0;0;0;0;0;0;0;0;0;0;0
W24;0;0;0;0;0;0;0;0;1;2;0;0;2;2;2;2;2;2;2;0;0;0;0;0;0;0;0;0;0;0;0;0;0;0
W25;0;0;0;0;0;0;0;0;1;0;0;0;2;2;2;2;2;2;2;0;0;0;0;0;0;0;0;0;0;0;0;0;0;0
W26;0;0;0;0;0;0;0;0;1;1;0;0;0;0;0;0;0;0;0;0;0;0;0;0;0;0;0;0;0;0;0;0;0;0
AS3;0;0;0;0;0;0;0;0;0;1;0;2;2;2;2;2;2;2;2;0;2;0;0;0;0;0;0;0;0;0;0;0;0;0
AS4;0;0;0;0;0;0;0;0;0;1;0;2;2;2;2;2;2;2;2;0;0;0;0;0;0;0;0;0;0;0;0;0;0;0
CB18;0;0;0;0;0;0;0;0;0;2;0;2;2;2;2;2;2;2;0;0;0;0;0;0;0;0;0;0;0;0;0;0;0;0
CM27;0;0;0;0;0;0;0;0;0;1;0;0;2;2;2;2;2;2;2;0;0;0;0;0;0;0;0;0;0;0;0;0;0;0
CM29;0;0;0;0;0;0;0;0;0;1;0;0;2;2;2;2;2;2;2;0;0;0;0;0;0;0;0;0;0;0;0;0;0;0
DI1;0;0;0;0;0;0;0;0;0;1;1;2;2;2;2;2;2;2;2;0;0;0;0;0;0;0;0;0;0;0;2;2;2;2
E16;0;0;0;0;0;0;0;0;0;1;2;2;2;2;2;0;0;0;0;0;0;0;0;0;0;0;0;0;0;0;0;0;0;0
E17;0;0;0;0;0;0;0;0;0;1;2;2;2;2;2;2;2;2;2;0;2;0;0;0;0;0;0;0;0;0;0;0;0;0
E18;0;0;0;0;0;0;0;0;0;1;0;0;0;0;0;0;0;0;0;0;0;0;0;0;0;0;0;0;0;0;0;0;0;0
KL3;0;0;0;0;0;0;0;0;0;1;0;0;2;2;2;2;2;2;2;0;0;0;0;0;0;0;0;0;0;0;0;0;0;0
KL4;0;0;0;0;0;0;0;0;0;1;0;2;0;0;0;0;0;0;2;0;0;0;0;0;0;0;0;0;0;0;0;0;0;0
LA28;0;0;0;0;0;0;0;0;0;1;2;0;2;2;2;2;2;2;2;0;0;0;0;0;0;0;0;0;0;0;0;0;0;0
LA29;0;0;0;0;0;0;0;0;0;1;2;0;2;2;2;2;0;0;0;0;0;0;0;0;0;0;0;0;0;0;0;0;0;0
LC15;0;0;0;0;0;0;0;0;0;1;0;0;2;2;2;2;2;2;2;0;0;0;0;0;0;0;0;0;0;0;0;0;0;0
LG10;0;0;0;0;0;0;0;0;0;1;0;0;2;2;2;2;2;2;2;0;0;0;0;0;0;0;0;0;0;0;0;0;0;0
LG9;0;0;0;0;0;0;0;0;0;1;0;0;2;2;2;2;2;2;2;0;0;0;0;0;0;0;0;0;0;0;0;0;0;0
MA12;0;0;0;0;0;0;0;0;0;1;2;0;2;2;2;2;2;2;2;0;2;0;0;0;0;0;0;0;0;0;0;0;0;0
MA13;0;0;0;0;0;0;0;0;0;1;2;0;2;2;2;2;2;2;2;0;0;0;0;0;0;0;0;0;0;0;0;0;0;0
MK5;0;0;0;0;0;0;0;0;0;1;1;2;0;2;0;2;2;2;2;0;2;0;0;0;0;0;0;0;0;0;0;0;0;0
MK6;0;0;0;0;0;0;0;0;0;1;2;2;2;2;2;2;2;2;2;0;0;0;0;0;0;0;0;0;0;0;0;0;0;0
OL7;0;0;0;0;0;0;0;0;0;1;1;2;2;2;2;0;0;0;0;0;0;0;0;0;0;0;0;0;0;0;0;0;0;0
OL8;0;0;0;0;0;0;0;0;0;1;1;2;2;2;2;2;2;2;2;0;2;0;0;0;0;0;0;0;0;0;0;0;0;0
P3;0;0;0;0;0;0;0;0;0;2;0;0;0;0;0;0;0;0;0;0;0;0;0;0;0;0;0;0;0;0;0;0;0;0
RL10;0;0;0;0;0;0;0;0;0;1;2;2;2;2;2;2;2;2;2;0;0;0;0;0;0;0;0;0;0;0;0;0;0;0
RL9;0;0;0;0;0;0;0;0;0;1;2;0;2;2;2;2;2;2;2;0;0;0;0;0;0;0;0;0;0;0;0;0;0;0
RS1;0;0;0;0;0;0;0;0;0;1;0;0;2;2;2;2;2;2;2;0;0;0;0;0;0;0;0;0;0;0;0;0;0;0
RS2;0;0;0;0;0;0;0;0;0;1;0;0;2;2;2;2;2;2;2;0;0;0;0;0;0;0;0;0;0;0;0;0;0;0
RV1;0;0;0;0;0;0;0;0;0;1;0;0;0;0;0;0;0;0;0;0;0;0;0;0;0;0;0;0;0;0;0;0;0;0
RV2;0;0;0;0;0;0;0;0;0;1;1;1;2;0;2;0;0;0;0;0;0;0;0;0;0;0;0;0;0;0;0;0;0;0
ST18;0;0;0;0;0;0;0;0;0;1;2;2;2;2;2;2;2;2;2;0;2;0;0;0;0;0;0;0;0;0;0;0;0;0
ST20;0;0;0;0;0;0;0;0;0;1;1;0;2;2;2;2;2;2;2;0;2;0;0;0;0;0;0;0;0;0;0;0;0;0
TR10;0;0;0;0;0;0;0;0;0;1;0;0;2;2;2;2;2;2;2;0;0;0;0;0;0;2;2;2;2;0;0;0;0;0
TR11;0;0;0;0;0;0;0;0;0;1;1;2;2;2;2;2;2;2;2;0;0;0;0;0;0;0;0;0;0;0;0;0;0;0
TR12;0;0;0;0;0;0;0;0;0;1;1;2;2;0;0;0;0;0;0;0;0;0;0;0;0;0;0;0;0;0;0;0;0;0
TR13;0;0;0;0;0;0;0;0;0;1;1;2;2;2;2;2;2;2;2;0;0;0;0;0;0;0;0;0;0;0;0;0;0;0
TR9;0;0;0;0;0;0;0;0;0;1;0;2;2;2;2;2;2;2;2;0;2;0;0;0;0;0;0;0;0;0;0;0;0;0
W27;0;0;0;0;0;0;0;0;0;1;0;0;2;2;2;2;2;2;2;0;0;0;0;0;0;0;0;0;0;0;0;0;0;0
W28;0;0;0;0;0;0;0;0;0;1;0;0;2;2;2;2;2;2;2;0;0;0;0;0;0;0;0;0;0;0;0;0;0;0
AS5;0;0;0;0;0;0;0;0;0;0;1;2;2;2;2;2;2;2;2;0;2;0;0;0;0;0;0;0;0;0;0;0;0;0
CA18;0;0;0;0;0;0;0;0;0;0;1;1;2;2;2;2;2;2;2;0;0;0;0;0;0;0;0;0;0;0;0;0;0;0
E19;0;0;0;0;0;0;0;0;0;0;1;2;2;2;2;2;2;0;0;0;0;0;0;0;0;0;0;0;0;0;0;0;0;0
EM11;0;0;0;0;0;0;0;0;0;0;1;0;2;2;2;2;2;2;2;0;2;0;0;0;0;0;0;0;0;0;0;0;0;0
LA33;0;0;0;0;0;0;0;0;0;0;1;0;2;2;2;2;2;2;2;0;0;0;0;0;0;0;0;0;0;0;0;0;0;0
LA34;0;0;0;0;0;0;0;0;0;0;1;2;2;2;2;2;2;2;2;0;0;0;0;0;0;0;0;0;0;0;0;0;0;0
LC20;0;0;0;0;0;0;0;0;0;0;1;2;2;2;2;2;2;2;2;0;0;0;0;0;0;0;0;0;0;0;0;0;0;0
LC21;0;0;0;0;0;0;0;0;0;0;1;0;2;2;2;2;2;2;2;0;0;0;0;0;0;0;0;0;0;0;0;0;0;0
MA14;0;0;0;0;0;0;0;0;0;0;1;2;2;2;2;2;2;2;2;0;2;0;0;0;0;0;0;0;0;0;0;0;0;0
MA15;0;0;0;0;0;0;0;0;0;0;1;2;2;2;2;2;2;2;2;0;0;0;0;0;0;0;0;0;0;0;0;0;0;0
MK7;0;0;0;0;0;0;0;0;0;0;1;2;2;2;2;0;0;0;0;0;0;0;0;0;0;0;0;0;0;0;0;0;0;0
MK8;0;0;0;0;0;0;0;0;0;0;1;0;0;0;0;0;0;0;0;0;0;0;0;0;0;0;0;0;0;0;0;0;0;0
O31;0;0;0;0;0;0;0;0;0;0;1;0;2;2;2;2;2;2;2;0;0;0;0;0;0;0;0;0;0;0;0;0;0;0
OL10;0;0;0;0;0;0;0;0;0;0;1;1;2;2;2;2;2;0;0;0;0;0;0;0;0;0;0;0;0;0;0;0;0;0
OL9;0;0;0;0;0;0;0;0;0;0;1;2;2;2;2;2;2;2;2;0;2;0;0;0;0;0;0;0;0;0;0;0;0;0
RV3;0;0;0;0;0;0;0;0;0;0;1;1;0;2;2;2;0;0;0;0;0;0;0;0;0;0;0;0;0;0;0;0;0;0
RV4;0;0;0;0;0;0;0;0;0;0;1;0;0;0;0;0;0;0;0;0;0;0;0;0;0;0;0;0;0;0;0;0;0;0
ST21;0;0;0;0;0;0;0;0;0;0;1;0;2;2;2;2;2;2;2;0;2;0;0;0;0;0;0;0;0;0;0;0;0;0
ST22;0;0;0;0;0;0;0;0;0;0;1;0;2;2;2;2;2;2;2;0;2;0;0;0;0;0;0;0;0;0;0;0;0;0
ST23;0;0;0;0;0;0;0;0;0;0;1;0;2;2;2;2;2;2;2;0;2;0;0;0;0;0;0;0;0;0;0;0;0;0
ST24;0;0;0;0;0;0;0;0;0;0;1;0;2;0;2;2;2;2;2;0;2;0;0;0;0;0;0;0;0;0;0;0;0;0
TR14;0;0;0;0;0;0;0;0;0;0;1;1;2;2;2;2;2;2;2;0;2;0;0;0;0;0;0;0;0;0;0;0;0;0
AS6;0;0;0;0;0;0;0;0;0;0;0;1;2;2;2;2;2;2;2;0;2;0;0;0;0;0;0;0;0;0;0;0;0;0
AS7;0;0;0;0;0;0;0;0;0;0;0;1;2;2;2;2;2;0;0;0;0;0;0;0;0;0;0;0;0;0;0;0;0;0
AS8;0;0;0;0;0;0;0;0;0;0;0;1;2;0;0;0;0;0;0;0;0;0;0;0;0;0;0;0;0;0;0;0;0;0
AS9;0;0;0;0;0;0;0;0;0;0;0;1;2;2;2;2;2;2;2;0;0;0;0;0;0;0;0;0;0;0;0;0;0;0
AT4;0;0;0;0;0;0;0;0;0;0;0;1;0;0;0;0;0;0;0;0;0;0;0;0;0;0;0;0;0;0;0;0;0;0
AT5;0;0;0;0;0;0;0;0;0;0;0;1;2;2;2;2;2;2;2;0;0;0;0;0;0;0;0;0;0;0;0;0;0;0
CA19;0;0;0;0;0;0;0;0;0;0;0;1;2;2;2;2;2;2;2;0;0;0;0;0;0;0;0;0;0;0;0;0;0;0
CA20;0;0;0;0;0;0;0;0;0;0;0;1;2;2;2;2;2;2;2;0;0;0;0;0;0;0;0;0;0;0;0;0;0;0
CS2;0;0;0;0;0;0;0;0;0;0;0;2;2;2;2;2;2;2;2;0;2;0;0;0;0;0;0;0;0;0;0;0;0;0
DI2;0;0;0;0;0;0;0;0;0;0;0;1;1;2;2;2;2;2;2;0;0;0;0;0;0;0;0;0;0;0;2;2;2;2
E20;0;0;0;0;0;0;0;0;0;0;0;1;2;2;2;2;2;2;2;0;2;0;0;0;0;0;0;0;0;0;0;0;0;0
E21;0;0;0;0;0;0;0;0;0;0;0;1;2;2;2;2;2;2;2;0;0;0;0;0;0;0;0;0;0;0;0;0;0;0
IP1;0;0;0;0;0;0;0;0;0;0;0;2;2;2;2;2;2;2;2;0;0;0;0;0;0;0;0;0;0;0;0;0;0;0
IP2;0;0;0;0;0;0;0;0;0;0;0;1;1;2;2;2;2;2;0;0;0;0;0;0;0;0;0;0;0;0;0;0;0;0
IP3;0;0;0;0;0;0;0;0;0;0;0;1;1;2;2;2;2;2;0;0;0;0;0;0;0;0;0;0;0;0;0;0;0;0
JG3;0;0;0;0;0;0;0;0;0;0;0;2;2;2;2;2;2;2;2;0;2;0;0;0;0;0;0;0;0;0;0;0;0;0
JG5;0;0;0;0;0;0;0;0;0;0;0;2;2;1;1;1;1;1;1;1;1;0;0;0;0;0;0;0;0;0;0;0;0;0
KE1;0;0;0;0;0;0;0;0;0;0;0;1;2;2;2;2;2;2;2;0;2;0;0;0;0;0;0;0;0;0;0;0;0;0
KE2;0;0;0;0;0;0;0;0;0;0;0;1;2;2;2;2;2;2;2;0;2;0;0;0;0;0;0;0;0;0;0;0;0;0
KS3;0;0;0;0;0;0;0;0;0;0;0;2;2;2;2;0;0;0;0;0;0;0;0;0;0;0;0;0;0;0;0;0;0;0
LA36;0;0;0;0;0;0;0;0;0;0;0;1;2;2;2;2;2;2;2;0;0;0;0;0;0;0;0;0;0;0;0;0;0;0
LA37;0;0;0;0;0;0;0;0;0;0;0;1;2;2;2;2;2;2;2;0;0;0;0;0;0;0;0;0;0;0;0;0;0;0
LC22;0;0;0;0;0;0;0;0;0;0;0;1;2;2;2;2;2;2;2;0;0;0;0;0;0;0;0;0;0;0;0;0;0;0
LC23;0;0;0;0;0;0;0;0;0;0;0;1;0;0;0;0;0;0;0;0;0;0;0;0;0;0;0;0;0;0;0;0;0;0
LC24;0;0;0;0;0;0;0;0;0;0;0;1;1;2;2;2;2;2;2;0;0;0;0;0;0;0;0;0;0;0;0;0;0;0
MA16;0;0;0;0;0;0;0;0;0;0;0;1;2;2;2;2;2;2;2;0;2;0;0;0;0;0;0;0;0;0;0;0;0;0
MA17;0;0;0;0;0;0;0;0;0;0;0;1;2;2;2;0;0;0;0;0;0;0;0;0;0;0;0;0;0;0;0;0;0;0
MA18;0;0;0;0;0;0;0;0;0;0;0;1;2;2;2;2;2;0;2;0;0;0;0;0;0;0;0;0;0;0;0;0;0;0
MA19;0;0;0;0;0;0;0;0;0;0;0;1;2;2;2;2;2;2;2;0;2;0;0;0;0;0;0;0;0;0;0;0;0;0
MC10;0;0;0;0;0;0;0;0;0;0;0;1;1;2;2;2;2;2;2;0;0;0;0;0;0;0;0;0;0;0;0;0;0;0
MC11;0;0;0;0;0;0;0;0;0;0;0;1;1;2;2;2;2;2;2;0;0;0;0;0;0;0;0;0;0;0;0;0;0;0
MC9;0;0;0;0;0;0;0;0;0;0;0;1;2;2;2;2;2;2;2;0;0;0;0;0;0;0;0;0;0;0;0;0;0;0
MK10;0;0;0;0;0;0;0;0;0;0;0;1;2;2;2;2;2;2;2;0;2;0;0;0;0;0;0;0;0;0;0;0;0;0
MK11;0;0;0;0;0;0;0;0;0;0;0;1;0;0;0;0;0;0;0;0;0;0;0;0;0;0;0;0;0;0;0;0;0;0
MK12;0;0;0;0;0;0;0;0;0;0;0;1;0;0;0;0;0;0;0;0;0;0;0;0;0;0;0;0;0;0;0;0;0;0
MK9;0;0;0;0;0;0;0;0;0;0;0;1;2;2;2;2;2;2;2;0;0;0;0;0;0;0;0;0;0;0;0;0;0;0
O30;0;0;0;0;0;0;0;0;0;0;0;1;2;2;2;2;2;2;2;0;0;0;0;0;0;0;0;0;0;0;0;0;0;0
OL11;0;0;0;0;0;0;0;0;0;0;0;1;2;1;1;1;1;1;1;0;0;0;0;0;0;0;0;0;0;0;0;0;0;0
OL12;0;0;0;0;0;0;0;0;0;0;0;1;2;2;2;2;2;2;2;0;0;0;0;0;0;0;0;0;0;0;0;0;0;0
OL14;0;0;0;0;0;0;0;0;0;0;0;1;0;0;0;0;0;0;0;0;0;0;0;0;0;0;0;0;0;0;0;0;0;0
PI1;0;0;0;0;0;0;0;0;0;0;0;2;2;2;2;2;2;2;2;0;2;0;0;0;0;0;0;0;0;0;0;0;0;0
PI2;0;0;0;0;0;0;0;0;0;0;0;2;2;2;2;2;2;2;2;0;0;0;0;0;0;0;0;0;0;0;0;0;0;0
PI3;0;0;0;0;0;0;0;0;0;0;0;2;0;0;2;2;0;0;0;0;0;0;0;0;0;0;0;0;0;0;0;0;0;0
PI4;0;0;0;0;0;0;0;0;0;0;0;1;2;2;2;2;2;2;2;0;0;0;0;0;0;0;0;0;0;0;0;0;0;0
PI5;0;0;0;0;0;0;0;0;0;0;0;1;2;2;2;2;2;2;2;0;0;0;0;0;0;0;0;0;0;0;0;0;0;0
RL11;0;0;0;0;0;0;0;0;0;0;0;1;1;2;2;2;2;2;2;0;0;0;0;0;0;0;0;0;0;0;0;0;0;0
RL13;0;0;0;0;0;0;0;0;0;0;0;1;1;2;2;2;2;2;2;0;0;0;0;0;0;0;0;0;0;0;0;0;0;0
RV6;0;0;0;0;0;0;0;0;0;0;0;1;2;0;2;2;2;2;2;0;0;0;0;0;0;0;0;0;0;0;0;0;0;0
RV7;0;0;0;0;0;0;0;0;0;0;0;1;2;2;0;0;0;0;0;0;0;0;0;0;0;0;0;0;0;0;0;0;0;0
SF1;0;0;0;0;0;0;0;0;0;0;0;2;2;2;2;2;2;2;0;0;0;0;0;0;0;0;0;0;0;0;0;0;0;0
SK14;0;0;0;0;0;0;0;0;0;0;0;2;2;2;2;2;2;2;2;0;0;0;0;0;0;0;0;0;0;0;0;0;0;0
SK15;0;0;0;0;0;0;0;0;0;0;0;2;2;2;2;0;0;0;0;0;0;0;0;0;0;0;0;0;0;0;0;0;0;0
ST27;0;0;0;0;0;0;0;0;0;0;0;1;2;2;2;2;0;0;0;0;0;0;0;0;0;0;0;0;0;0;0;0;0;0
ST28;0;0;0;0;0;0;0;0;0;0;0;1;2;2;2;2;2;2;2;0;0;0;0;0;0;0;0;0;0;0;0;0;0;0
TR15;0;0;0;0;0;0;0;0;0;0;0;1;2;0;0;0;0;0;0;0;0;0;0;0;0;0;0;0;0;0;0;0;0;0
TR16;0;0;0;0;0;0;0;0;0;0;0;1;2;2;0;0;0;0;0;0;0;0;0;0;0;0;0;0;0;0;0;0;0;0
628;0;0;0;0;0;0;0;0;0;0;0;0;2;2;2;2;2;2;0;0;0;0;0;0;0;0;0;0;0;0;0;0;0;0
630;0;0;0;0;0;0;0;0;0;0;0;0;2;2;2;2;2;2;0;0;0;0;0;0;0;0;0;0;0;0;0;0;0;0
AS10;0;0;0;0;0;0;0;0;0;0;0;0;1;2;2;2;0;0;0;0;0;0;0;0;0;0;0;0;0;0;0;0;0;0
AS12;0;0;0;0;0;0;0;0;0;0;0;0;1;2;2;0;0;0;0;0;0;0;0;0;0;0;0;0;0;0;0;0;0;0
AS13;0;0;0;0;0;0;0;0;0;0;0;0;1;0;2;0;0;0;0;0;0;0;0;0;0;0;0;0;0;0;0;0;0;0
AS14;0;0;0;0;0;0;0;0;0;0;0;0;1;1;2;2;0;0;0;0;0;0;0;0;0;0;0;0;0;0;0;0;0;0
AT6;0;0;0;0;0;0;0;0;0;0;0;0;1;2;2;2;2;2;2;2;2;2;2;2;0;0;0;0;0;0;0;0;0;0
AT7;0;0;0;0;0;0;0;0;0;0;0;0;1;2;2;2;2;2;2;0;2;0;0;0;0;0;0;0;0;0;0;0;0;0
CA21;0;0;0;0;0;0;0;0;0;0;0;0;1;1;2;2;2;2;2;0;0;0;0;0;0;0;0;0;0;0;0;0;0;0
CS1;0;0;0;0;0;0;0;0;0;0;0;0;2;2;2;2;2;2;2;0;2;0;0;0;0;0;0;0;0;0;0;0;0;0
CS3;0;0;0;0;0;0;0;0;0;0;0;0;2;2;2;2;2;2;2;0;0;0;0;0;0;0;0;0;0;0;0;0;0;0
CS4;0;0;0;0;0;0;0;0;0;0;0;0;2;2;2;2;2;2;2;0;0;0;0;0;0;0;0;0;0;0;0;0;0;0
CS5;0;0;0;0;0;0;0;0;0;0;0;0;2;2;2;2;2;2;2;0;0;0;0;0;0;0;0;0;0;0;0;0;0;0
CS6;0;0;0;0;0;0;0;0;0;0;0;0;2;2;2;2;2;2;2;0;0;0;0;0;0;0;0;0;0;0;0;0;0;0
CS7;0;0;0;0;0;0;0;0;0;0;0;0;2;2;2;2;2;2;2;0;0;0;0;0;0;0;0;0;0;0;0;0;0;0
E22;0;0;0;0;0;0;0;0;0;0;0;0;1;2;2;2;0;0;0;0;0;0;0;0;0;0;0;0;0;0;0;0;0;0
E23;0;0;0;0;0;0;0;0;0;0;0;0;1;2;2;2;0;0;0;0;0;0;0;0;0;0;0;0;0;0;0;0;0;0
E24;0;0;0;0;0;0;0;0;0;0;0;0;1;1;1;2;0;0;0;0;0;0;0;0;0;0;0;0;0;0;0;0;0;0
E25;0;0;0;0;0;0;0;0;0;0;0;0;1;1;1;2;2;2;2;0;0;0;0;0;0;0;0;0;0;0;0;0;0;0
ET2;0;0;0;0;0;0;0;0;0;0;0;0;2;2;2;2;2;2;2;0;0;0;0;0;0;0;0;0;0;0;0;0;0;0
ET3;0;0;0;0;0;0;0;0;0;0;0;0;1;2;2;2;2;2;2;0;0;0;0;0;0;0;0;0;0;0;0;0;0;0
ET4;0;0;0;0;0;0;0;0;0;0;0;0;1;2;2;2;2;2;2;0;0;0;0;0;0;0;0;0;0;0;0;0;0;0
FX1;0;0;0;0;0;0;0;0;0;0;0;0;1;2;2;2;2;2;2;0;2;0;0;0;0;0;0;0;0;0;0;0;0;0
FX2;0;0;0;0;0;0;0;0;0;0;0;0;1;2;2;2;2;2;2;0;2;0;2;2;2;2;2;2;0;0;0;0;0;0
IG1;0;0;0;0;0;0;0;0;0;0;0;0;1;1;2;2;2;2;2;0;0;0;0;0;0;0;0;0;0;0;0;0;0;0
IG2;0;0;0;0;0;0;0;0;0;0;0;0;1;1;2;2;2;2;2;0;0;0;0;0;0;0;0;0;0;0;0;0;0;0
JG10;0;0;0;0;0;0;0;0;0;0;0;0;1;1;2;2;2;2;2;0;0;0;0;0;0;0;0;0;0;0;0;0;0;0
JG6;0;0;0;0;0;0;0;0;0;0;0;0;2;1;1;1;1;1;1;0;0;0;0;0;0;0;0;0;0;0;0;0;0;0
JG7;0;0;0;0;0;0;0;0;0;0;0;0;1;1;1;1;1;1;1;0;0;0;0;0;0;0;0;0;0;0;0;0;0;0
JG8;0;0;0;0;0;0;0;0;0;0;0;0;1;2;2;2;0;0;0;0;0;0;0;0;0;0;0;0;0;0;0;0;0;0
JG9;0;0;0;0;0;0;0;0;0;0;0;0;1;0;0;0;0;0;0;0;0;0;0;0;0;0;0;0;0;0;0;0;0;0
JO1;0;0;0;0;0;0;0;0;0;0;0;0;1;1;2;2;2;2;2;0;0;0;0;0;0;0;0;0;0;0;0;0;0;0
KE4;0;0;0;0;0;0;0;0;0;0;0;0;1;2;2;2;2;2;2;0;0;0;0;0;0;0;0;0;0;0;0;0;0;0
KS1;0;0;0;0;0;0;0;0;0;0;0;0;2;2;2;2;2;2;2;0;0;0;0;0;0;0;0;0;0;0;0;0;0;0
KS2;0;0;0;0;0;0;0;0;0;0;0;0;2;2;2;2;2;2;2;0;0;0;0;0;0;0;0;0;0;0;0;0;0;0
KS4;0;0;0;0;0;0;0;0;0;0;0;0;2;2;2;2;2;2;2;0;0;0;0;0;0;0;0;0;0;0;0;0;0;0
KS5;0;0;0;0;0;0;0;0;0;0;0;0;2;2;2;2;2;2;2;0;0;0;0;0;0;0;0;0;0;0;0;0;0;0
KS6;0;0;0;0;0;0;0;0;0;0;0;0;2;2;2;2;2;2;2;0;0;0;0;0;0;0;0;0;0;0;0;0;0;0
LB5;0;0;0;0;0;0;0;0;0;0;0;0;2;2;2;2;2;2;0;0;0;0;0;0;0;0;0;0;0;0;0;0;0;0
LC25;0;0;0;0;0;0;0;0;0;0;0;0;1;1;2;2;2;2;2;0;0;0;0;0;0;0;0;0;0;0;0;0;0;0
LG11;0;0;0;0;0;0;0;0;0;0;0;0;1;2;2;2;2;2;2;0;0;0;0;0;0;0;0;0;0;0;0;0;0;0
LG12;0;0;0;0;0;0;0;0;0;0;0;0;1;2;2;2;2;2;2;0;0;0;0;0;0;0;0;0;0;0;0;0;0;0
LX1;0;0;0;0;0;0;0;0;0;0;0;0;1;1;2;2;2;2;2;0;0;0;0;0;0;0;0;0;0;0;0;0;0;0
LX2;0;0;0;0;0;0;0;0;0;0;0;0;1;1;2;2;2;2;2;0;0;0;0;0;0;0;0;0;0;0;0;0;0;0
MA20;0;0;0;0;0;0;0;0;0;0;0;0;1;2;2;2;2;2;2;0;0;0;0;0;0;0;0;0;0;0;0;0;0;0
MA21;0;0;0;0;0;0;0;0;0;0;0;0;1;2;2;0;0;0;0;0;0;0;0;0;0;0;0;0;0;0;0;0;0;0
MA22;0;0;0;0;0;0;0;0;0;0;0;0;1;1;2;2;2;2;2;0;0;0;0;0;0;0;0;0;0;0;0;0;0;0
MA23;0;0;0;0;0;0;0;0;0;0;0;0;1;1;1;0;0;0;0;0;0;0;0;0;0;0;0;0;0;0;0;0;0;0
MK13;0;0;0;0;0;0;0;0;0;0;0;0;1;2;2;2;2;2;2;0;0;0;0;0;0;0;0;0;0;0;0;0;0;0
MK14;0;0;0;0;0;0;0;0;0;0;0;0;1;2;2;2;2;2;2;0;0;0;0;0;0;0;0;0;0;0;0;0;0;0
MK15;0;0;0;0;0;0;0;0;0;0;0;0;1;1;1;0;0;0;0;0;0;0;0;0;0;0;0;0;0;0;0;0;0;0
MK16;0;0;0;0;0;0;0;0;0;0;0;0;1;1;1;0;0;0;0;0;0;0;0;0;0;0;0;0;0;0;0;0;0;0
MS1;0;0;0;0;0;0;0;0;0;0;0;0;2;2;2;2;2;2;2;0;0;0;0;0;0;0;0;0;0;0;0;0;0;0
MS2;0;0;0;0;0;0;0;0;0;0;0;0;2;2;2;2;2;2;2;0;0;0;0;0;0;0;0;0;0;0;0;0;0;0
O36;0;0;0;0;0;0;0;0;0;0;0;0;1;1;2;2;2;2;2;0;0;0;0;0;0;0;0;0;0;0;0;0;0;0
O37;0;0;0;0;0;0;0;0;0;0;0;0;1;1;2;2;2;2;2;0;0;0;0;0;0;0;0;0;0;0;0;0;0;0
OL15;0;0;0;0;0;0;0;0;0;0;0;0;1;2;2;2;2;2;2;2;2;2;0;0;0;0;0;0;0;0;0;0;0;0
OL16;0;0;0;0;0;0;0;0;0;0;0;0;1;2;2;2;2;2;2;0;2;0;0;0;0;0;0;0;0;0;0;0;0;0
OL18;0;0;0;0;0;0;0;0;0;0;0;0;1;1;2;2;2;2;2;0;0;0;0;0;0;0;0;0;0;0;0;0;0;0
PA1;0;0;0;0;0;0;0;0;0;0;0;0;1;1;2;2;2;2;2;0;0;0;0;0;0;0;0;0;0;0;0;0;0;0
PA2;0;0;0;0;0;0;0;0;0;0;0;0;1;1;0;0;0;0;0;0;0;0;0;0;0;0;0;0;0;0;0;0;0;0
PI3.1;0;0;0;0;0;0;0;0;0;0;0;0;2;2;2;2;2;2;2;0;2;0;0;0;0;0;0;0;0;0;0;0;0;0
PI6;0;0;0;0;0;0;0;0;0;0;0;0;1;1;2;2;2;2;2;0;2;0;0;0;0;0;0;0;0;0;0;0;0;0
PI7;0;0;0;0;0;0;0;0;0;0;0;0;1;1;2;2;2;2;2;0;2;0;0;0;0;0;0;0;0;0;0;0;0;0
PR2;0;0;0;0;0;0;0;0;0;0;0;0;2;2;2;2;2;2;2;0;0;0;0;0;0;0;0;0;0;0;0;0;0;0
PT6;0;0;0;0;0;0;0;0;0;0;0;0;1;2;2;2;2;0;0;0;0;0;0;0;0;0;0;0;0;0;0;0;0;0
RG1;0;0;0;0;0;0;0;0;0;0;0;0;2;2;2;2;2;2;0;0;0;0;0;0;0;0;0;0;0;0;0;0;0;0
RG2;0;0;0;0;0;0;0;0;0;0;0;0;2;2;2;2;2;2;0;0;0;0;0;0;0;0;0;0;0;0;0;0;0;0
RL14;0;0;0;0;0;0;0;0;0;0;0;0;1;1;2;2;2;2;2;0;0;0;0;0;0;0;0;0;0;0;0;0;0;0
RL15;0;0;0;0;0;0;0;0;0;0;0;0;1;1;2;2;2;2;2;0;0;0;0;0;0;0;0;0;0;0;0;0;0;0
RP1;0;0;0;0;0;0;0;0;0;0;0;0;2;2;2;2;2;2;0;0;0;0;0;0;0;0;0;0;0;0;0;0;0;0
RV11;0;0;0;0;0;0;0;0;0;0;0;0;1;0;2;0;0;0;0;0;0;0;0;0;0;0;0;0;0;0;0;0;0;0
RV12;0;0;0;0;0;0;0;0;0;0;0;0;1;2;2;2;2;2;2;0;0;0;0;0;0;0;0;0;0;0;0;0;0;0
SE12;0;0;0;0;0;0;0;0;0;0;0;0;2;2;2;2;2;2;2;0;0;0;0;0;0;0;0;0;0;0;0;0;0;0
SE13;0;0;0;0;0;0;0;0;0;0;0;0;2;2;2;2;2;2;2;0;0;0;0;0;0;0;0;0;0;0;0;0;0;0
SE5.1;0;0;0;0;0;0;0;0;0;0;0;0;2;2;2;2;2;0;0;0;0;0;0;0;0;0;0;0;0;0;0;0;0;0
SK19.1;0;0;0;0;0;0;0;0;0;0;0;0;1;2;2;2;2;2;0;0;0;0;0;0;0;0;0;0;0;0;0;0;0;0
ST29;0;0;0;0;0;0;0;0;0;0;0;0;1;2;2;2;0;0;0;0;0;0;0;0;0;0;0;0;0;0;0;0;0;0
ST30;0;0;0;0;0;0;0;0;0;0;0;0;1;2;2;2;2;0;0;0;0;0;0;0;0;0;0;0;0;0;0;0;0;0
ST31;0;0;0;0;0;0;0;0;0;0;0;0;1;1;2;2;2;0;0;0;0;0;0;0;0;0;0;0;0;0;0;0;0;0
ST32;0;0;0;0;0;0;0;0;0;0;0;0;1;1;2;2;0;0;0;0;0;0;0;0;0;0;0;0;0;0;0;0;0;0
ST34;0;0;0;0;0;0;0;0;0;0;0;0;1;1;1;2;2;2;2;0;2;0;0;0;0;0;0;0;0;0;0;0;0;0
ST35;0;0;0;0;0;0;0;0;0;0;0;0;1;1;1;2;0;0;0;0;0;0;0;0;0;0;0;0;0;0;0;0;0;0
T123;0;0;0;0;0;0;0;0;0;0;0;0;2;0;0;0;0;0;0;0;0;0;0;0;0;0;0;0;0;0;0;0;0;0
T14;0;0;0;0;0;0;0;0;0;0;0;0;2;0;0;0;0;0;0;0;0;0;0;0;0;0;0;0;0;0;0;0;0;0
T3;0;0;0;0;0;0;0;0;0;0;0;0;2;0;0;0;0;0;0;0;0;0;0;0;0;0;0;0;0;0;0;0;0;0
TR17;0;0;0;0;0;0;0;0;0;0;0;0;1;1;2;2;2;2;2;0;0;0;0;0;0;0;0;0;0;0;0;0;0;0
TR18;0;0;0;0;0;0;0;0;0;0;0;0;1;1;2;2;2;2;2;0;0;0;0;0;0;0;0;0;0;0;0;0;0;0
AL1;0;0;0;0;0;0;0;0;0;0;0;0;0;1;1;2;2;0;0;0;0;0;0;0;0;0;0;0;0;0;0;0;0;0
AT8;0;0;0;0;0;0;0;0;0;0;0;0;0;1;1;2;2;2;2;0;2;2;2;0;0;0;0;0;0;0;0;0;0;0
AT9;0;0;0;0;0;0;0;0;0;0;0;0;0;1;1;2;2;2;2;2;2;2;2;2;2;0;0;0;0;0;0;0;0;0
BE1;0;0;0;0;0;0;0;0;0;0;0;0;0;1;1;2;2;2;2;2;2;2;2;2;2;2;2;2;2;2;2;0;0;0
BE2;0;0;0;0;0;0;0;0;0;0;0;0;0;1;1;2;2;2;2;0;2;0;0;0;0;0;0;0;0;0;0;0;0;0
ET5;0;0;0;0;0;0;0;0;0;0;0;0;0;1;1;2;2;2;2;0;0;0;0;0;0;0;0;0;0;0;0;0;0;0
ET6;0;0;0;0;0;0;0;0;0;0;0;0;0;1;1;2;2;2;2;0;0;0;0;0;0;0;0;0;0;0;0;0;0;0
FX3;0;0;0;0;0;0;0;0;0;0;0;0;0;1;1;2;2;2;2;0;2;0;0;0;0;0;0;0;0;0;0;0;0;0
FX4;0;0;0;0;0;0;0;0;0;0;0;0;0;1;1;2;2;2;2;0;2;0;0;0;0;0;0;0;0;0;0;0;0;0
JG11;0;0;0;0;0;0;0;0;0;0;0;0;0;1;1;2;2;2;2;0;0;0;0;0;0;0;0;0;0;0;0;0;0;0
JG12;0;0;0;0;0;0;0;0;0;0;0;0;0;1;1;2;2;2;2;0;0;0;0;0;0;0;0;0;0;0;0;0;0;0
KE5;0;0;0;0;0;0;0;0;0;0;0;0;0;1;1;2;0;0;0;0;0;0;0;0;0;0;0;0;0;0;0;0;0;0
KE6;0;0;0;0;0;0;0;0;0;0;0;0;0;1;1;2;2;0;0;0;0;0;0;0;0;0;0;0;0;0;0;0;0;0
PI8;0;0;0;0;0;0;0;0;0;0;0;0;0;1;1;2;2;2;2;0;2;0;0;0;0;0;0;0;0;0;0;0;0;0
PI9;0;0;0;0;0;0;0;0;0;0;0;0;0;1;1;2;2;2;2;0;2;0;0;0;0;0;0;0;0;0;0;0;0;0
PR3;0;0;0;0;0;0;0;0;0;0;0;0;0;1;1;2;2;2;2;0;0;0;0;0;0;0;0;0;0;0;0;0;0;0
PR4;0;0;0;0;0;0;0;0;0;0;0;0;0;1;1;2;2;2;2;0;2;0;0;0;0;0;0;0;0;0;0;0;0;0
RL16;0;0;0;0;0;0;0;0;0;0;0;0;0;1;1;2;2;2;2;0;0;0;0;0;0;0;0;0;0;0;0;0;0;0
RL17;0;0;0;0;0;0;0;0;0;0;0;0;0;1;1;2;2;2;2;0;0;0;0;0;0;0;0;0;0;0;0;0;0;0
AF1;0;0;0;0;0;0;0;0;0;0;0;0;0;0;1;1;1;2;0;0;0;0;0;0;0;0;0;0;0;0;0;0;0;0
AF2;0;0;0;0;0;0;0;0;0;0;0;0;0;0;1;1;1;0;0;0;0;0;0;0;0;0;0;0;0;0;0;0;0;0
AL2;0;0;0;0;0;0;0;0;0;0;0;0;0;0;1;2;2;0;0;0;0;0;0;0;0;0;0;0;0;0;0;0;0;0
AL3;0;0;0;0;0;0;0;0;0;0;0;0;0;0;1;2;2;0;0;0;0;0;0;0;0;0;0;0;0;0;0;0;0;0
AM1;0;0;0;0;0;0;0;0;0;0;0;0;0;0;1;2;2;2;2;0;2;0;0;0;0;0;0;0;0;0;0;0;0;0
AR2;0;0;0;0;0;0;0;0;0;0;0;0;0;0;1;1;2;2;2;0;2;0;0;0;0;0;0;0;0;0;0;0;0;0
AT12;0;0;0;0;0;0;0;0;0;0;0;0;0;0;1;1;1;2;2;0;2;0;0;0;0;0;0;0;0;0;0;0;0;0
AT13;0;0;0;0;0;0;0;0;0;0;0;0;0;0;1;1;1;2;2;0;2;0;0;0;0;0;0;0;0;0;0;0;0;0
AX8;0;0;0;0;0;0;0;0;0;0;0;0;0;0;1;1;1;2;2;0;0;0;0;0;0;0;0;0;0;0;0;0;0;0
BE3;0;0;0;0;0;0;0;0;0;0;0;0;0;0;1;1;2;2;2;0;2;0;0;2;2;0;0;0;0;0;0;0;0;0
BR3;0;0;0;0;0;0;0;0;0;0;0;0;0;0;1;1;2;2;2;0;0;0;0;0;0;0;0;0;0;0;0;0;0;0
DN1;0;0;0;0;0;0;0;0;0;0;0;0;0;0;1;1;2;2;2;0;2;0;0;0;0;0;0;0;0;0;0;0;0;0
DN2;0;0;0;0;0;0;0;0;0;0;0;0;0;0;1;1;2;2;2;0;2;0;0;0;0;0;0;0;0;0;0;0;0;0
E26;0;0;0;0;0;0;0;0;0;0;0;0;0;0;1;2;0;0;0;0;0;0;0;0;0;0;0;0;0;0;0;0;0;0
E27;0;0;0;0;0;0;0;0;0;0;0;0;0;0;1;2;2;2;2;0;0;0;0;0;0;0;0;0;0;0;0;0;0;0
EM11.1;0;0;0;0;0;0;0;0;0;0;0;0;0;0;2;2;2;2;2;0;0;0;0;0;0;0;0;0;0;0;0;0;0;0
EM16;0;0;0;0;0;0;0;0;0;0;0;0;0;0;2;2;2;0;2;0;0;0;0;0;0;0;0;0;0;0;0;0;0;0
FG1;0;0;0;0;0;0;0;0;0;0;0;0;0;0;1;1;2;2;2;0;0;0;0;0;0;0;0;0;0;0;0;0;0;0
FG2;0;0;0;0;0;0;0;0;0;0;0;0;0;0;1;1;2;2;2;0;0;0;0;0;0;0;0;0;0;0;0;0;0;0
JG13;0;0;0;0;0;0;0;0;0;0;0;0;0;0;1;0;0;0;0;0;0;0;0;0;0;0;0;0;0;0;0;0;0;0
KE10;0;0;0;0;0;0;0;0;0;0;0;0;0;0;1;2;2;0;0;0;0;0;0;0;0;0;0;0;0;0;0;0;0;0
KE7;0;0;0;0;0;0;0;0;0;0;0;0;0;0;1;2;0;0;0;0;0;0;0;0;0;0;0;0;0;0;0;0;0;0
KE8;0;0;0;0;0;0;0;0;0;0;0;0;0;0;1;2;2;0;0;0;0;0;0;0;0;0;0;0;0;0;0;0;0;0
KE9;0;0;0;0;0;0;0;0;0;0;0;0;0;0;1;2;0;0;0;0;0;0;0;0;0;0;0;0;0;0;0;0;0;0
LA42;0;0;0;0;0;0;0;0;0;0;0;0;0;0;1;2;2;2;2;0;0;0;0;0;0;0;0;0;0;0;0;0;0;0
LA43;0;0;0;0;0;0;0;0;0;0;0;0;0;0;1;2;2;2;2;0;0;0;0;0;0;0;0;0;0;0;0;0;0;0
LC28;0;0;0;0;0;0;0;0;0;0;0;0;0;0;1;2;2;0;0;0;0;0;0;0;0;0;0;0;0;0;0;0;0;0
LC29;0;0;0;0;0;0;0;0;0;0;0;0;0;0;1;2;2;2;2;0;0;0;0;0;0;0;0;0;0;0;0;0;0;0
LX3;0;0;0;0;0;0;0;0;0;0;0;0;0;0;1;2;2;2;2;0;0;0;0;0;0;0;0;0;0;0;0;0;0;0
LX4;0;0;0;0;0;0;0;0;0;0;0;0;0;0;1;2;2;2;2;0;0;0;0;0;0;0;0;0;0;0;0;0;0;0
LX5;0;0;0;0;0;0;0;0;0;0;0;0;0;0;1;1;2;2;2;0;0;0;0;0;0;0;0;0;0;0;0;0;0;0
LX6;0;0;0;0;0;0;0;0;0;0;0;0;0;0;1;1;2;2;2;0;0;0;0;0;0;0;0;0;0;0;0;0;0;0
MA31;0;0;0;0;0;0;0;0;0;0;0;0;0;0;1;1;1;2;2;0;2;0;0;0;0;0;0;0;0;0;0;0;0;0
MA32;0;0;0;0;0;0;0;0;0;0;0;0;0;0;1;1;1;2;2;0;2;0;0;0;0;0;0;0;0;0;0;0;0;0
MN3;0;0;0;0;0;0;0;0;0;0;0;0;0;0;1;0;0;0;0;0;0;0;0;0;0;0;0;0;0;0;0;0;0;0
MN4;0;0;0;0;0;0;0;0;0;0;0;0;0;0;1;0;0;0;0;0;0;0;0;0;0;0;0;0;0;0;0;0;0;0
NC1;0;0;0;0;0;0;0;0;0;0;0;0;0;0;1;1;2;2;2;0;0;0;0;0;0;0;0;0;0;0;0;0;0;0
NC2;0;0;0;0;0;0;0;0;0;0;0;0;0;0;1;1;2;2;2;0;0;0;0;0;0;0;0;0;0;0;0;0;0;0
NC3;0;0;0;0;0;0;0;0;0;0;0;0;0;0;1;1;2;2;2;0;0;0;0;0;0;0;0;0;0;0;0;0;0;0
O44;0;0;0;0;0;0;0;0;0;0;0;0;0;0;1;1;1;2;2;0;0;0;0;0;0;0;0;0;0;0;0;0;0;0
O45;0;0;0;0;0;0;0;0;0;0;0;0;0;0;1;1;1;2;2;0;0;0;0;0;0;0;0;0;0;0;0;0;0;0
OL21;0;0;0;0;0;0;0;0;0;0;0;0;0;0;1;1;2;2;2;0;2;0;0;0;0;0;0;0;0;0;0;0;0;0
PA3;0;0;0;0;0;0;0;0;0;0;0;0;0;0;1;2;2;2;2;0;2;0;0;0;0;0;0;0;0;0;0;0;0;0
PA4;0;0;0;0;0;0;0;0;0;0;0;0;0;0;1;1;2;2;2;0;2;0;0;0;0;0;0;0;0;0;0;0;0;0
PA5;0;0;0;0;0;0;0;0;0;0;0;0;0;0;1;1;2;2;2;0;2;0;0;0;0;0;0;0;0;0;0;0;0;0
PI10;0;0;0;0;0;0;0;0;0;0;0;0;0;0;1;1;2;2;2;0;2;0;0;0;0;0;0;0;0;0;0;0;0;0
PI11;0;0;0;0;0;0;0;0;0;0;0;0;0;0;1;1;2;2;2;0;2;0;0;0;0;0;0;0;0;0;0;0;0;0
PI12;0;0;0;0;0;0;0;0;0;0;0;0;0;0;1;1;1;2;2;0;2;0;0;0;0;0;0;0;0;0;0;0;0;0
PI13;0;0;0;0;0;0;0;0;0;0;0;0;0;0;1;1;1;2;2;0;2;0;0;0;0;0;0;0;0;0;0;0;0;0
PR6;0;0;0;0;0;0;0;0;0;0;0;0;0;0;1;2;2;2;2;0;0;0;0;0;0;0;0;0;0;0;0;0;0;0
PR7;0;0;0;0;0;0;0;0;0;0;0;0;0;0;1;1;1;2;2;0;0;0;0;0;0;0;0;0;0;0;0;0;0;0
PR8;0;0;0;0;0;0;0;0;0;0;0;0;0;0;1;1;1;2;2;0;2;0;0;0;0;0;0;0;0;0;0;0;0;0
PT10;0;0;0;0;0;0;0;0;0;0;0;0;0;0;1;2;2;2;2;0;2;0;0;0;0;0;0;0;0;0;0;0;0;0
RV19;0;0;0;0;0;0;0;0;0;0;0;0;0;0;1;1;1;0;0;0;0;0;0;0;0;0;0;0;0;0;0;0;0;0
RV20;0;0;0;0;0;0;0;0;0;0;0;0;0;0;1;1;1;2;2;0;2;0;0;0;0;0;0;0;0;0;0;0;0;0
SD1;0;0;0;0;0;0;0;0;0;0;0;0;0;0;1;1;2;0;0;0;0;0;0;0;0;0;0;0;0;0;0;0;0;0
SD4;0;0;0;0;0;0;0;0;0;0;0;0;0;0;1;1;2;2;2;0;2;2;2;2;2;2;2;2;2;0;0;0;0;0
SI1;0;0;0;0;0;0;0;0;0;0;0;0;0;0;1;0;0;0;0;0;0;0;0;0;0;0;0;0;0;0;0;0;0;0
SI2;0;0;0;0;0;0;0;0;0;0;0;0;0;0;1;1;0;0;0;0;2;0;0;0;0;0;0;0;0;0;0;0;0;0
SP2;0;0;0;0;0;0;0;0;0;0;0;0;0;0;1;1;1;2;2;2;2;2;0;0;0;0;0;0;0;0;0;0;0;0
ST36;0;0;0;0;0;0;0;0;0;0;0;0;0;0;1;2;0;2;2;0;2;0;0;0;0;0;0;0;0;0;0;0;0;0
ST37;0;0;0;0;0;0;0;0;0;0;0;0;0;0;1;2;0;2;2;0;2;0;0;0;0;0;0;0;0;0;0;0;0;0
TR27;0;0;0;0;0;0;0;0;0;0;0;0;0;0;1;1;1;2;2;0;0;0;0;0;0;0;0;0;0;0;0;0;0;0
AF3;0;0;0;0;0;0;0;0;0;0;0;0;0;0;0;1;1;1;2;2;2;2;0;0;0;0;0;0;0;0;0;0;0;0
AF4;0;0;0;0;0;0;0;0;0;0;0;0;0;0;0;1;1;1;2;2;2;2;2;2;2;2;2;2;2;2;2;2;2;2
AS21;0;0;0;0;0;0;0;0;0;0;0;0;0;0;0;1;1;2;2;0;2;0;0;0;0;0;0;0;0;0;0;0;0;0
AS22;0;0;0;0;0;0;0;0;0;0;0;0;0;0;0;1;1;2;2;0;2;0;0;0;0;0;0;0;0;0;0;0;0;0
AS23;0;0;0;0;0;0;0;0;0;0;0;0;0;0;0;1;1;2;2;0;2;0;0;0;0;0;0;0;0;0;0;0;0;0
AT14;0;0;0;0;0;0;0;0;0;0;0;0;0;0;0;1;1;2;2;0;2;0;0;0;0;0;0;0;0;0;0;0;0;0
AT15;0;0;0;0;0;0;0;0;0;0;0;0;0;0;0;1;1;2;2;0;2;0;0;0;0;0;0;0;0;0;0;0;0;0
AX11;0;0;0;0;0;0;0;0;0;0;0;0;0;0;0;1;1;2;2;0;0;0;0;0;0;0;0;0;0;0;0;0;0;0
AX12;0;0;0;0;0;0;0;0;0;0;0;0;0;0;0;1;1;2;2;0;0;0;0;0;0;0;0;0;0;0;0;0;0;0
BE5;0;0;0;0;0;0;0;0;0;0;0;0;0;0;0;1;1;1;2;0;2;0;0;0;0;0;0;0;0;0;0;0;0;0
BE6;0;0;0;0;0;0;0;0;0;0;0;0;0;0;0;1;1;2;2;0;2;0;2;2;2;2;2;2;0;0;0;0;0;0
BI1;0;0;0;0;0;0;0;0;0;0;0;0;0;0;0;1;1;2;2;0;0;0;0;0;0;0;0;0;0;0;0;0;0;0
DN3;0;0;0;0;0;0;0;0;0;0;0;0;0;0;0;1;1;2;2;0;2;0;0;0;0;0;0;0;0;0;0;0;0;0
FX11;0;0;0;0;0;0;0;0;0;0;0;0;0;0;0;1;1;2;2;0;2;0;0;0;0;0;0;0;0;0;0;0;0;0
FX12;0;0;0;0;0;0;0;0;0;0;0;0;0;0;0;1;1;2;2;0;2;0;0;0;0;0;0;0;0;0;0;0;0;0
IG4;0;0;0;0;0;0;0;0;0;0;0;0;0;0;0;1;1;2;2;0;0;0;0;0;0;0;0;0;0;0;0;0;0;0
IR1;0;0;0;0;0;0;0;0;0;0;0;0;0;0;0;1;1;2;2;0;2;0;0;0;0;0;0;0;0;0;0;0;0;0
IR2;0;0;0;0;0;0;0;0;0;0;0;0;0;0;0;1;1;2;2;0;2;0;0;0;0;0;0;0;0;0;0;0;0;0
IR4;0;0;0;0;0;0;0;0;0;0;0;0;0;0;0;1;1;2;2;0;2;0;0;0;0;0;0;0;0;0;0;0;0;0
IR5;0;0;0;0;0;0;0;0;0;0;0;0;0;0;0;1;1;2;2;0;2;0;0;0;0;0;0;0;0;0;0;0;0;0
JG18;0;0;0;0;0;0;0;0;0;0;0;0;0;0;0;1;1;2;2;0;2;0;0;0;0;0;0;0;0;0;0;0;0;0
JG19;0;0;0;0;0;0;0;0;0;0;0;0;0;0;0;1;1;2;2;0;2;0;0;0;0;0;0;0;0;0;0;0;0;0
JP5;0;0;0;0;0;0;0;0;0;0;0;0;0;0;0;1;1;2;2;2;2;2;2;2;2;2;2;2;2;0;0;0;0;0
JP6;0;0;0;0;0;0;0;0;0;0;0;0;0;0;0;1;1;2;2;0;2;0;0;0;0;0;0;0;0;0;0;0;0;0
LC30;0;0;0;0;0;0;0;0;0;0;0;0;0;0;0;1;1;2;2;0;0;0;0;0;0;0;0;0;0;0;0;0;0;0
MA33;0;0;0;0;0;0;0;0;0;0;0;0;0;0;0;1;1;2;2;0;2;0;0;0;0;0;0;0;0;0;0;0;0;0
MA34;0;0;0;0;0;0;0;0;0;0;0;0;0;0;0;1;1;2;2;0;2;0;0;0;0;0;0;0;0;0;0;0;0;0
MB8;0;0;0;0;0;0;0;0;0;0;0;0;0;0;0;1;1;2;2;0;0;0;0;0;0;0;0;0;0;0;0;0;0;0
MB9;0;0;0;0;0;0;0;0;0;0;0;0;0;0;0;1;1;2;2;0;0;0;0;0;0;0;0;0;0;0;0;0;0;0
PI14;0;0;0;0;0;0;0;0;0;0;0;0;0;0;0;1;1;2;2;0;2;0;0;0;0;0;0;0;0;0;0;0;0;0
PI15;0;0;0;0;0;0;0;0;0;0;0;0;0;0;0;1;1;2;2;0;2;0;0;0;0;0;0;0;0;0;0;0;0;0
PS8;0;0;0;0;0;0;0;0;0;0;0;0;0;0;0;1;1;2;2;0;0;0;0;0;0;0;0;0;0;0;0;0;0;0
PS9;0;0;0;0;0;0;0;0;0;0;0;0;0;0;0;1;1;2;2;0;0;0;0;0;0;0;0;0;0;0;0;0;0;0
RT7;0;0;0;0;0;0;0;0;0;0;0;0;0;0;0;1;1;2;2;0;0;0;0;0;0;0;0;0;0;0;0;0;0;0
RT8;0;0;0;0;0;0;0;0;0;0;0;0;0;0;0;1;1;2;2;0;0;0;0;0;0;0;0;0;0;0;0;0;0;0
RV25;0;0;0;0;0;0;0;0;0;0;0;0;0;0;0;1;1;2;2;0;0;0;0;0;0;0;0;0;0;0;0;0;0;0
SF9;0;0;0;0;0;0;0;0;0;0;0;0;0;0;0;1;1;2;2;0;0;0;0;0;0;0;0;0;0;0;0;0;0;0
SI3;0;0;0;0;0;0;0;0;0;0;0;0;0;0;0;1;1;2;2;2;2;0;0;0;0;0;0;0;0;0;0;0;0;0
SI4;0;0;0;0;0;0;0;0;0;0;0;0;0;0;0;1;1;2;2;0;2;2;2;2;2;2;2;2;2;2;2;2;2;0
SP3;0;0;0;0;0;0;0;0;0;0;0;0;0;0;0;1;1;2;0;0;0;0;0;0;0;0;0;0;0;0;0;0;0;0
SP4;0;0;0;0;0;0;0;0;0;0;0;0;0;0;0;1;1;1;0;0;0;0;0;0;0;0;0;0;0;0;0;0;0;0
TR29;0;0;0;0;0;0;0;0;0;0;0;0;0;0;0;1;1;2;2;0;2;0;0;0;0;0;0;0;0;0;0;0;0;0
TR30;0;0;0;0;0;0;0;0;0;0;0;0;0;0;0;1;1;2;2;0;2;0;0;0;0;0;0;0;0;0;0;0;0;0
VC6;0;0;0;0;0;0;0;0;0;0;0;0;0;0;0;1;1;2;2;0;0;0;0;0;0;0;0;0;0;0;0;0;0;0
VC7;0;0;0;0;0;0;0;0;0;0;0;0;0;0;0;1;1;2;2;0;0;0;0;0;0;0;0;0;0;0;0;0;0;0
AF5;0;0;0;0;0;0;0;0;0;0;0;0;0;0;0;0;1;1;1;2;2;2;2;2;0;0;0;0;0;0;0;0;0;0
AF6;0;0;0;0;0;0;0;0;0;0;0;0;0;0;0;0;1;2;1;0;2;0;0;0;0;0;0;0;0;0;0;0;0;0
AX13;0;0;0;0;0;0;0;0;0;0;0;0;0;0;0;0;1;1;1;2;2;0;0;0;0;0;0;0;0;0;0;0;0;0
AX14;0;0;0;0;0;0;0;0;0;0;0;0;0;0;0;0;1;1;1;0;2;0;0;0;0;0;0;0;0;0;0;0;0;0
IG5;0;0;0;0;0;0;0;0;0;0;0;0;0;0;0;0;1;1;1;0;0;0;0;0;0;0;0;0;0;0;0;0;0;0
JP7;0;0;0;0;0;0;0;0;0;0;0;0;0;0;0;0;1;1;1;0;2;0;0;0;0;0;0;0;0;0;0;0;0;0
JP8;0;0;0;0;0;0;0;0;0;0;0;0;0;0;0;0;1;1;1;0;2;0;0;0;0;0;0;0;0;0;0;0;0;0
LC31;0;0;0;0;0;0;0;0;0;0;0;0;0;0;0;0;1;2;2;0;0;0;0;0;0;0;0;0;0;0;0;0;0;0
M18;0;0;0;0;0;0;0;0;0;0;0;0;0;0;0;0;2;2;0;0;0;0;0;0;0;0;0;0;0;0;0;0;0;0
MA35;0;0;0;0;0;0;0;0;0;0;0;0;0;0;0;0;1;1;1;2;2;0;0;0;0;0;0;0;0;0;0;0;0;0
MA36;0;0;0;0;0;0;0;0;0;0;0;0;0;0;0;0;1;1;1;0;2;0;0;0;0;0;0;0;0;0;0;0;0;0
MB10;0;0;0;0;0;0;0;0;0;0;0;0;0;0;0;0;1;2;2;0;0;0;0;0;0;0;0;0;0;0;0;0;0;0
MB12;0;0;0;0;0;0;0;0;0;0;0;0;0;0;0;0;1;2;2;0;0;0;0;0;0;0;0;0;0;0;0;0;0;0
MB13;0;0;0;0;0;0;0;0;0;0;0;0;0;0;0;0;1;2;2;0;0;0;0;0;0;0;0;0;0;0;0;0;0;0
OL24;0;0;0;0;0;0;0;0;0;0;0;0;0;0;0;0;1;1;1;0;0;0;0;0;0;0;0;0;0;0;0;0;0;0
OL25;0;0;0;0;0;0;0;0;0;0;0;0;0;0;0;0;1;1;0;0;0;0;0;0;0;0;0;0;0;0;0;0;0;0
PR10;0;0;0;0;0;0;0;0;0;0;0;0;0;0;0;0;1;2;2;0;0;0;0;0;0;0;0;0;0;0;0;0;0;0
PR9;0;0;0;0;0;0;0;0;0;0;0;0;0;0;0;0;1;2;2;0;2;0;0;0;0;0;0;0;0;0;0;0;0;0
RT10;0;0;0;0;0;0;0;0;0;0;0;0;0;0;0;0;1;2;2;0;0;0;0;0;0;0;0;0;0;0;0;0;0;0
RT11;0;0;0;0;0;0;0;0;0;0;0;0;0;0;0;0;1;2;2;0;2;0;0;0;0;0;0;0;0;0;0;0;0;0
RT12;0;0;0;0;0;0;0;0;0;0;0;0;0;0;0;0;1;1;2;2;2;0;0;0;0;0;0;0;0;0;0;0;0;0
RT9;0;0;0;0;0;0;0;0;0;0;0;0;0;0;0;0;1;2;2;0;0;0;0;0;0;0;0;0;0;0;0;0;0;0
RV28;0;0;0;0;0;0;0;0;0;0;0;0;0;0;0;0;1;1;2;0;0;0;0;0;0;0;0;0;0;0;0;0;0;0
RV29;0;0;0;0;0;0;0;0;0;0;0;0;0;0;0;0;1;1;2;0;2;0;0;0;0;0;0;0;0;0;0;0;0;0
ST40.1;0;0;0;0;0;0;0;0;0;0;0;0;0;0;0;0;2;2;2;0;2;0;0;0;0;0;0;0;0;0;0;0;0;0
VC1*;0;0;0;0;0;0;0;0;0;0;0;0;0;0;0;0;2;2;2;0;0;0;0;0;0;0;0;0;0;0;0;0;0;0
AF8;0;0;0;0;0;0;0;0;0;0;0;0;0;0;0;0;0;1;1;1;2;2;2;0;0;0;0;0;0;0;0;0;0;0
AX15;0;0;0;0;0;0;0;0;0;0;0;0;0;0;0;0;0;1;1;0;2;0;0;0;0;0;0;0;0;0;0;0;0;0
AX16;0;0;0;0;0;0;0;0;0;0;0;0;0;0;0;0;0;1;1;0;0;0;0;0;0;0;0;0;0;0;0;0;0;0
AX18;0;0;0;0;0;0;0;0;0;0;0;0;0;0;0;0;0;1;1;0;2;0;0;0;0;0;0;0;0;0;0;0;0;0
MA37;0;0;0;0;0;0;0;0;0;0;0;0;0;0;0;0;0;1;1;2;2;0;0;0;0;0;0;0;0;0;0;0;0;0
MD1;0;0;0;0;0;0;0;0;0;0;0;0;0;0;0;0;0;1;1;0;2;0;0;0;0;0;0;0;0;0;0;0;0;0
MD2;0;0;0;0;0;0;0;0;0;0;0;0;0;0;0;0;0;1;1;0;2;0;0;0;0;0;0;0;0;0;0;0;0;0
OL26;0;0;0;0;0;0;0;0;0;0;0;0;0;0;0;0;0;1;1;0;2;2;2;0;0;0;0;0;0;0;0;0;0;0
OL27;0;0;0;0;0;0;0;0;0;0;0;0;0;0;0;0;0;1;1;1;2;2;2;0;0;0;0;0;0;0;0;0;0;0
PB1;0;0;0;0;0;0;0;0;0;0;0;0;0;0;0;0;0;1;1;0;2;0;0;0;0;0;0;0;0;0;0;0;0;0
PB2;0;0;0;0;0;0;0;0;0;0;0;0;0;0;0;0;0;1;1;0;2;0;0;0;0;0;0;0;0;0;0;0;0;0
PI16;0;0;0;0;0;0;0;0;0;0;0;0;0;0;0;0;0;1;1;0;2;0;0;0;0;0;0;0;0;0;0;0;0;0
PI17;0;0;0;0;0;0;0;0;0;0;0;0;0;0;0;0;0;1;1;0;2;0;0;0;0;0;0;0;0;0;0;0;0;0
RT13;0;0;0;0;0;0;0;0;0;0;0;0;0;0;0;0;0;1;2;2;2;0;0;0;0;0;0;0;0;0;0;0;0;0
RT14;0;0;0;0;0;0;0;0;0;0;0;0;0;0;0;0;0;1;1;0;2;0;0;0;0;0;0;0;0;0;0;0;0;0
RT15;0;0;0;0;0;0;0;0;0;0;0;0;0;0;0;0;0;1;1;2;2;0;0;0;0;0;0;0;0;0;0;0;0;0
RT16;0;0;0;0;0;0;0;0;0;0;0;0;0;0;0;0;0;1;1;0;2;0;0;0;0;0;0;0;0;0;0;0;0;0
RV34;0;0;0;0;0;0;0;0;0;0;0;0;0;0;0;0;0;1;1;0;2;0;0;0;0;0;0;0;0;0;0;0;0;0
RV35;0;0;0;0;0;0;0;0;0;0;0;0;0;0;0;0;0;1;1;0;2;0;0;0;0;0;0;0;0;0;0;0;0;0
ST50;0;0;0;0;0;0;0;0;0;0;0;0;0;0;0;0;0;1;1;0;2;0;0;0;0;0;0;0;0;0;0;0;0;0
ST51;0;0;0;0;0;0;0;0;0;0;0;0;0;0;0;0;0;1;1;0;2;0;0;0;0;0;0;0;0;0;0;0;0;0
AF11;0;0;0;0;0;0;0;0;0;0;0;0;0;0;0;0;0;0;1;1;1;0;0;0;0;0;0;0;0;0;0;0;0;0
AX19;0;0;0;0;0;0;0;0;0;0;0;0;0;0;0;0;0;0;1;2;2;2;2;2;2;2;2;2;2;2;2;2;2;0
AX20;0;0;0;0;0;0;0;0;0;0;0;0;0;0;0;0;0;0;1;1;1;2;0;0;0;0;0;0;0;0;0;0;0;0
AX21;0;0;0;0;0;0;0;0;0;0;0;0;0;0;0;0;0;0;1;1;1;2;2;2;2;2;2;2;2;0;0;0;0;0
BE7;0;0;0;0;0;0;0;0;0;0;0;0;0;0;0;0;0;0;1;0;2;0;0;0;0;0;0;0;0;0;0;0;0;0
BE8;0;0;0;0;0;0;0;0;0;0;0;0;0;0;0;0;0;0;1;0;2;0;0;0;0;0;0;0;0;0;0;0;0;0
BV4;0;0;0;0;0;0;0;0;0;0;0;0;0;0;0;0;0;0;1;0;2;0;0;0;0;0;0;0;0;0;0;0;0;0
BV5;0;0;0;0;0;0;0;0;0;0;0;0;0;0;0;0;0;0;1;0;2;0;0;0;0;0;0;0;0;0;0;0;0;0
CB16;0;0;0;0;0;0;0;0;0;0;0;0;0;0;0;0;0;0;2;0;0;0;0;0;0;0;0;0;0;0;0;0;0;0
E37;0;0;0;0;0;0;0;0;0;0;0;0;0;0;0;0;0;0;1;1;2;0;0;0;0;0;0;0;0;0;0;0;0;0
E38;0;0;0;0;0;0;0;0;0;0;0;0;0;0;0;0;0;0;1;1;2;0;0;0;0;0;0;0;0;0;0;0;0;0
EL2;0;0;0;0;0;0;0;0;0;0;0;0;0;0;0;0;0;0;1;0;2;0;0;0;0;0;0;0;0;0;0;0;0;0
JP10;0;0;0;0;0;0;0;0;0;0;0;0;0;0;0;0;0;0;1;2;2;2;0;0;0;0;0;0;0;0;0;0;0;0
JP9;0;0;0;0;0;0;0;0;0;0;0;0;0;0;0;0;0;0;1;2;2;0;0;0;0;0;0;0;0;0;0;0;0;0
LS1;0;0;0;0;0;0;0;0;0;0;0;0;0;0;0;0;0;0;1;0;0;0;0;0;0;0;0;0;0;0;0;0;0;0
MA38;0;0;0;0;0;0;0;0;0;0;0;0;0;0;0;0;0;0;1;1;2;0;0;0;0;0;0;0;0;0;0;0;0;0
MA39;0;0;0;0;0;0;0;0;0;0;0;0;0;0;0;0;0;0;1;1;2;0;0;0;0;0;0;0;0;0;0;0;0;0
MD3;0;0;0;0;0;0;0;0;0;0;0;0;0;0;0;0;0;0;1;0;2;0;0;0;0;0;0;0;0;0;0;0;0;0
MD4;0;0;0;0;0;0;0;0;0;0;0;0;0;0;0;0;0;0;1;0;2;0;0;0;0;0;0;0;0;0;0;0;0;0
MF1;0;0;0;0;0;0;0;0;0;0;0;0;0;0;0;0;0;0;1;2;2;0;0;0;0;0;0;0;0;0;0;0;0;0
MF2;0;0;0;0;0;0;0;0;0;0;0;0;0;0;0;0;0;0;1;2;2;0;0;0;0;0;0;0;0;0;0;0;0;0
OL28;0;0;0;0;0;0;0;0;0;0;0;0;0;0;0;0;0;0;1;0;0;0;0;0;0;0;0;0;0;0;0;0;0;0
OL29;0;0;0;0;0;0;0;0;0;0;0;0;0;0;0;0;0;0;1;0;0;0;0;0;0;0;0;0;0;0;0;0;0;0
OL30;0;0;0;0;0;0;0;0;0;0;0;0;0;0;0;0;0;0;1;0;1;2;2;0;0;0;0;0;0;0;0;0;0;0
PA10;0;0;0;0;0;0;0;0;0;0;0;0;0;0;0;0;0;0;1;0;2;0;0;0;0;0;0;0;0;0;0;0;0;0
PA9;0;0;0;0;0;0;0;0;0;0;0;0;0;0;0;0;0;0;1;0;2;0;0;0;0;0;0;0;0;0;0;0;0;0
RT18;0;0;0;0;0;0;0;0;0;0;0;0;0;0;0;0;0;0;1;0;2;0;0;0;0;0;0;0;0;0;0;0;0;0
RT19;0;0;0;0;0;0;0;0;0;0;0;0;0;0;0;0;0;0;1;0;2;0;0;0;0;0;0;0;0;0;0;0;0;0
RT20;0;0;0;0;0;0;0;0;0;0;0;0;0;0;0;0;0;0;1;0;2;0;0;0;0;0;0;0;0;0;0;0;0;0
RT21;0;0;0;0;0;0;0;0;0;0;0;0;0;0;0;0;0;0;1;0;2;0;0;0;0;0;0;0;0;0;0;0;0;0
RV36;0;0;0;0;0;0;0;0;0;0;0;0;0;0;0;0;0;0;1;0;2;0;0;0;0;0;0;0;0;0;0;0;0;0
RV37;0;0;0;0;0;0;0;0;0;0;0;0;0;0;0;0;0;0;1;0;2;0;0;0;0;0;0;0;0;0;0;0;0;0
SA3;0;0;0;0;0;0;0;0;0;0;0;0;0;0;0;0;0;0;1;0;2;0;0;0;0;0;0;0;0;0;0;0;0;0
SA4;0;0;0;0;0;0;0;0;0;0;0;0;0;0;0;0;0;0;1;0;0;0;0;0;0;0;0;0;0;0;0;0;0;0
SD8;0;0;0;0;0;0;0;0;0;0;0;0;0;0;0;0;0;0;1;0;0;0;0;0;0;0;0;0;0;0;0;0;0;0
SD9;0;0;0;0;0;0;0;0;0;0;0;0;0;0;0;0;0;0;1;0;0;0;0;0;0;0;0;0;0;0;0;0;0;0
SP12;0;0;0;0;0;0;0;0;0;0;0;0;0;0;0;0;0;0;1;1;1;0;0;0;0;0;0;0;0;0;0;0;0;0
TM5;0;0;0;0;0;0;0;0;0;0;0;0;0;0;0;0;0;0;1;1;1;0;0;0;0;0;0;0;0;0;0;0;0;0
TR31;0;0;0;0;0;0;0;0;0;0;0;0;0;0;0;0;0;0;1;0;2;0;0;0;0;0;0;0;0;0;0;0;0;0
TR37;0;0;0;0;0;0;0;0;0;0;0;0;0;0;0;0;0;0;1;0;2;0;0;0;0;0;0;0;0;0;0;0;0;0
TR38;0;0;0;0;0;0;0;0;0;0;0;0;0;0;0;0;0;0;1;0;2;0;0;0;0;0;0;0;0;0;0;0;0;0
1307;0;0;0;0;0;0;0;0;0;0;0;0;0;0;0;0;0;0;0;0;1;1;1;0;0;0;0;0;0;0;0;0;0;0
1308;0;0;0;0;0;0;0;0;0;0;0;0;0;0;0;0;0;0;0;0;1;0;0;0;0;0;0;0;0;0;0;0;0;0
1309;0;0;0;0;0;0;0;0;0;0;0;0;0;0;0;0;0;0;0;0;1;1;0;0;0;0;0;0;0;0;0;0;0;0
1310;0;0;0;0;0;0;0;0;0;0;0;0;0;0;0;0;0;0;0;0;1;1;0;0;0;0;0;0;0;0;0;0;0;0
1311;0;0;0;0;0;0;0;0;0;0;0;0;0;0;0;0;0;0;0;0;1;1;1;0;0;0;0;0;0;0;0;0;0;0
1312;0;0;0;0;0;0;0;0;0;0;0;0;0;0;0;0;0;0;0;0;1;1;0;0;0;0;0;0;0;0;0;0;0;0
AF14;0;0;0;0;0;0;0;0;0;0;0;0;0;0;0;0;0;0;0;0;1;1;1;2;2;0;0;0;0;0;0;0;0;0
AF15;0;0;0;0;0;0;0;0;0;0;0;0;0;0;0;0;0;0;0;0;1;1;1;2;0;0;0;0;0;0;0;0;0;0
FA3;0;0;0;0;0;0;0;0;0;0;0;0;0;0;0;0;0;0;0;0;1;1;1;1;1;1;1;0;0;0;0;0;0;0
FA4;0;0;0;0;0;0;0;0;0;0;0;0;0;0;0;0;0;0;0;0;1;1;1;2;2;2;2;2;2;0;0;0;0;0
SI16;0;0;0;0;0;0;0;0;0;0;0;0;0;0;0;0;0;0;0;0;1;1;1;2;2;2;2;2;2;2;2;2;2;0
SI17;0;0;0;0;0;0;0;0;0;0;0;0;0;0;0;0;0;0;0;0;1;1;1;2;2;2;2;2;2;2;2;2;2;0
SP18;0;0;0;0;0;0;0;0;0;0;0;0;0;0;0;0;0;0;0;0;1;1;1;2;2;2;2;2;2;2;2;2;2;2
1320;0;0;0;0;0;0;0;0;0;0;0;0;0;0;0;0;0;0;0;0;0;1;1;1;2;0;0;0;0;0;0;0;0;0
1321;0;0;0;0;0;0;0;0;0;0;0;0;0;0;0;0;0;0;0;0;0;1;1;1;2;0;0;0;0;0;0;0;0;0
1322;0;0;0;0;0;0;0;0;0;0;0;0;0;0;0;0;0;0;0;0;0;1;1;0;0;0;0;0;0;0;0;0;0;0
1323;0;0;0;0;0;0;0;0;0;0;0;0;0;0;0;0;0;0;0;0;0;1;1;1;0;0;0;0;0;0;0;0;0;0
1324;0;0;0;0;0;0;0;0;0;0;0;0;0;0;0;0;0;0;0;0;0;1;1;0;0;0;0;0;0;0;0;0;0;0
1325;0;0;0;0;0;0;0;0;0;0;0;0;0;0;0;0;0;0;0;0;0;1;1;0;0;0;0;0;0;0;0;0;0;0
1327;0;0;0;0;0;0;0;0;0;0;0;0;0;0;0;0;0;0;0;0;0;1;1;0;0;0;0;0;0;0;0;0;0;0
1328;0;0;0;0;0;0;0;0;0;0;0;0;0;0;0;0;0;0;0;0;0;1;1;0;0;0;0;0;0;0;0;0;0;0
JP18;0;0;0;0;0;0;0;0;0;0;0;0;0;0;0;0;0;0;0;0;0;1;0;0;0;0;0;0;0;0;0;0;0;0
JP19;0;0;0;0;0;0;0;0;0;0;0;0;0;0;0;0;0;0;0;0;0;1;1;2;2;2;2;2;2;0;0;0;0;0
JP21;0;0;0;0;0;0;0;0;0;0;0;0;0;0;0;0;0;0;0;0;0;1;1;1;2;2;2;2;2;0;0;0;0;0
JP22;0;0;0;0;0;0;0;0;0;0;0;0;0;0;0;0;0;0;0;0;0;1;1;1;2;2;2;2;2;0;0;0;0;0
MP42;0;0;0;0;0;0;0;0;0;0;0;0;0;0;0;0;0;0;0;0;0;1;1;2;2;0;0;0;0;0;0;0;0;0
MP43;0;0;0;0;0;0;0;0;0;0;0;0;0;0;0;0;0;0;0;0;0;1;1;2;2;0;0;0;0;0;0;0;0;0
MP45;0;0;0;0;0;0;0;0;0;0;0;0;0;0;0;0;0;0;0;0;0;1;1;1;2;0;0;0;0;0;0;0;0;0
MP46;0;0;0;0;0;0;0;0;0;0;0;0;0;0;0;0;0;0;0;0;0;1;1;1;2;0;0;0;0;0;0;0;0;0
MP59;0;0;0;0;0;0;0;0;0;0;0;0;0;0;0;0;0;0;0;0;0;1;1;1;0;0;0;0;0;0;0;0;0;0
MP60;0;0;0;0;0;0;0;0;0;0;0;0;0;0;0;0;0;0;0;0;0;1;1;1;2;2;2;0;0;0;0;0;0;0
MP61;0;0;0;0;0;0;0;0;0;0;0;0;0;0;0;0;0;0;0;0;0;1;1;2;2;0;0;0;0;0;0;0;0;0
MP62;0;0;0;0;0;0;0;0;0;0;0;0;0;0;0;0;0;0;0;0;0;1;1;1;2;0;0;0;0;0;0;0;0;0
MP63;0;0;0;0;0;0;0;0;0;0;0;0;0;0;0;0;0;0;0;0;0;1;1;1;0;0;0;0;0;0;0;0;0;0
MP64;0;0;0;0;0;0;0;0;0;0;0;0;0;0;0;0;0;0;0;0;0;1;1;1;2;2;2;2;2;2;2;2;2;2
TM10;0;0;0;0;0;0;0;0;0;0;0;0;0;0;0;0;0;0;0;0;0;1;1;1;0;0;0;0;0;0;0;0;0;0
TM11;0;0;0;0;0;0;0;0;0;0;0;0;0;0;0;0;0;0;0;0;0;1;1;1;2;2;2;2;2;0;0;0;0;0
1329;0;0;0;0;0;0;0;0;0;0;0;0;0;0;0;0;0;0;0;0;0;0;1;0;0;0;0;0;0;0;0;0;0;0
1330;0;0;0;0;0;0;0;0;0;0;0;0;0;0;0;0;0;0;0;0;0;0;1;0;0;0;0;0;0;0;0;0;0;0
1331;0;0;0;0;0;0;0;0;0;0;0;0;0;0;0;0;0;0;0;0;0;0;1;0;0;0;0;0;0;0;0;0;0;0
AF17;0;0;0;0;0;0;0;0;0;0;0;0;0;0;0;0;0;0;0;0;0;0;1;1;1;1;1;1;1;1;1;1;0;0
AF18;0;0;0;0;0;0;0;0;0;0;0;0;0;0;0;0;0;0;0;0;0;0;1;1;2;2;2;2;0;0;0;0;0;0
FA5;0;0;0;0;0;0;0;0;0;0;0;0;0;0;0;0;0;0;0;0;0;0;1;1;0;0;0;0;0;0;0;0;0;0
FA6;0;0;0;0;0;0;0;0;0;0;0;0;0;0;0;0;0;0;0;0;0;0;1;1;2;2;2;2;2;2;2;2;2;2
LD1;0;0;0;0;0;0;0;0;0;0;0;0;0;0;0;0;0;0;0;0;0;0;1;0;0;0;0;0;0;0;0;0;0;0
LD2;0;0;0;0;0;0;0;0;0;0;0;0;0;0;0;0;0;0;0;0;0;0;1;0;0;0;0;0;0;0;0;0;0;0
MP65;0;0;0;0;0;0;0;0;0;0;0;0;0;0;0;0;0;0;0;0;0;0;1;1;2;2;0;0;0;0;0;0;0;0
MP66;0;0;0;0;0;0;0;0;0;0;0;0;0;0;0;0;0;0;0;0;0;0;1;1;2;2;0;0;0;0;0;0;0;0
MP68;0;0;0;0;0;0;0;0;0;0;0;0;0;0;0;0;0;0;0;0;0;0;1;1;2;2;2;2;2;2;2;2;2;2
MP90;0;0;0;0;0;0;0;0;0;0;0;0;0;0;0;0;0;0;0;0;0;0;1;0;0;0;0;0;0;0;0;0;0;0
SI18;0;0;0;0;0;0;0;0;0;0;0;0;0;0;0;0;0;0;0;0;0;0;1;1;2;2;2;2;2;2;2;2;2;0
SI19;0;0;0;0;0;0;0;0;0;0;0;0;0;0;0;0;0;0;0;0;0;0;1;1;2;2;2;2;2;2;2;2;2;0
1332;0;0;0;0;0;0;0;0;0;0;0;0;0;0;0;0;0;0;0;0;0;0;0;1;2;0;0;0;0;0;0;0;0;0
1333;0;0;0;0;0;0;0;0;0;0;0;0;0;0;0;0;0;0;0;0;0;0;0;1;1;2;2;2;0;0;0;0;0;0
1334;0;0;0;0;0;0;0;0;0;0;0;0;0;0;0;0;0;0;0;0;0;0;0;1;0;0;0;0;0;0;0;0;0;0
1335;0;0;0;0;0;0;0;0;0;0;0;0;0;0;0;0;0;0;0;0;0;0;0;1;0;0;0;0;0;0;0;0;0;0
1336;0;0;0;0;0;0;0;0;0;0;0;0;0;0;0;0;0;0;0;0;0;0;0;1;1;2;2;0;0;0;0;0;0;0
1337;0;0;0;0;0;0;0;0;0;0;0;0;0;0;0;0;0;0;0;0;0;0;0;1;0;0;0;0;0;0;0;0;0;0
1338;0;0;0;0;0;0;0;0;0;0;0;0;0;0;0;0;0;0;0;0;0;0;0;1;0;0;0;0;0;0;0;0;0;0
1341;0;0;0;0;0;0;0;0;0;0;0;0;0;0;0;0;0;0;0;0;0;0;0;1;1;1;0;0;0;0;0;0;0;0
1342;0;0;0;0;0;0;0;0;0;0;0;0;0;0;0;0;0;0;0;0;0;0;0;1;1;1;0;0;0;0;0;0;0;0
1343;0;0;0;0;0;0;0;0;0;0;0;0;0;0;0;0;0;0;0;0;0;0;0;1;1;1;0;0;0;0;0;0;0;0
1345;0;0;0;0;0;0;0;0;0;0;0;0;0;0;0;0;0;0;0;0;0;0;0;1;1;1;2;2;0;0;0;0;0;0
1346;0;0;0;0;0;0;0;0;0;0;0;0;0;0;0;0;0;0;0;0;0;0;0;1;1;1;0;0;0;0;0;0;0;0
1347;0;0;0;0;0;0;0;0;0;0;0;0;0;0;0;0;0;0;0;0;0;0;0;1;1;1;0;0;0;0;0;0;0;0
AF19;0;0;0;0;0;0;0;0;0;0;0;0;0;0;0;0;0;0;0;0;0;0;0;1;1;2;2;2;0;0;0;0;0;0
AF20;0;0;0;0;0;0;0;0;0;0;0;0;0;0;0;0;0;0;0;0;0;0;0;1;1;2;2;2;0;0;0;0;0;0
AF21;0;0;0;0;0;0;0;0;0;0;0;0;0;0;0;0;0;0;0;0;0;0;0;1;0;0;0;0;0;0;0;0;0;0
AX25;0;0;0;0;0;0;0;0;0;0;0;0;0;0;0;0;0;0;0;0;0;0;0;1;1;0;0;0;0;0;0;0;0;0
AX26;0;0;0;0;0;0;0;0;0;0;0;0;0;0;0;0;0;0;0;0;0;0;0;1;1;0;0;0;0;0;0;0;0;0
FA7;0;0;0;0;0;0;0;0;0;0;0;0;0;0;0;0;0;0;0;0;0;0;0;1;1;0;0;0;0;0;0;0;0;0
FA8;0;0;0;0;0;0;0;0;0;0;0;0;0;0;0;0;0;0;0;0;0;0;0;1;1;2;2;2;2;2;2;2;2;2
FP1;0;0;0;0;0;0;0;0;0;0;0;0;0;0;0;0;0;0;0;0;0;0;0;1;1;1;0;0;0;0;0;0;0;0
FP2;0;0;0;0;0;0;0;0;0;0;0;0;0;0;0;0;0;0;0;0;0;0;0;1;1;1;2;2;0;0;0;0;0;0
MP100;0;0;0;0;0;0;0;0;0;0;0;0;0;0;0;0;0;0;0;0;0;0;0;1;1;1;2;2;2;2;2;2;2;2
MP101;0;0;0;0;0;0;0;0;0;0;0;0;0;0;0;0;0;0;0;0;0;0;0;1;1;1;2;0;0;0;0;0;0;0
MP80;0;0;0;0;0;0;0;0;0;0;0;0;0;0;0;0;0;0;0;0;0;0;0;1;2;2;2;2;2;2;2;2;2;2
MP84;0;0;0;0;0;0;0;0;0;0;0;0;0;0;0;0;0;0;0;0;0;0;0;1;1;2;2;2;2;2;2;2;2;2
MP85;0;0;0;0;0;0;0;0;0;0;0;0;0;0;0;0;0;0;0;0;0;0;0;1;1;2;2;2;2;2;2;2;2;2
MP89;0;0;0;0;0;0;0;0;0;0;0;0;0;0;0;0;0;0;0;0;0;0;0;1;1;1;2;2;2;2;2;2;2;2
MP91;0;0;0;0;0;0;0;0;0;0;0;0;0;0;0;0;0;0;0;0;0;0;0;1;1;2;2;2;0;0;0;0;0;0
MP92;0;0;0;0;0;0;0;0;0;0;0;0;0;0;0;0;0;0;0;0;0;0;0;1;1;2;2;2;0;0;0;0;0;0
MP93;0;0;0;0;0;0;0;0;0;0;0;0;0;0;0;0;0;0;0;0;0;0;0;1;0;0;0;0;0;0;0;0;0;0
MP94;0;0;0;0;0;0;0;0;0;0;0;0;0;0;0;0;0;0;0;0;0;0;0;1;1;1;2;2;2;2;2;2;2;2
MP95;0;0;0;0;0;0;0;0;0;0;0;0;0;0;0;0;0;0;0;0;0;0;0;1;1;1;2;2;2;0;0;0;0;0
MP96;0;0;0;0;0;0;0;0;0;0;0;0;0;0;0;0;0;0;0;0;0;0;0;1;1;1;2;2;2;0;0;0;0;0
MP98;0;0;0;0;0;0;0;0;0;0;0;0;0;0;0;0;0;0;0;0;0;0;0;1;1;1;2;2;2;0;0;0;0;0
MP99;0;0;0;0;0;0;0;0;0;0;0;0;0;0;0;0;0;0;0;0;0;0;0;1;1;1;2;2;0;0;0;0;0;0
SI20;0;0;0;0;0;0;0;0;0;0;0;0;0;0;0;0;0;0;0;0;0;0;0;1;1;1;2;2;2;2;2;2;2;0
SP24;0;0;0;0;0;0;0;0;0;0;0;0;0;0;0;0;0;0;0;0;0;0;0;1;1;1;2;0;0;0;0;0;0;0
SP25;0;0;0;0;0;0;0;0;0;0;0;0;0;0;0;0;0;0;0;0;0;0;0;1;1;1;0;0;0;0;0;0;0;0
TM12;0;0;0;0;0;0;0;0;0;0;0;0;0;0;0;0;0;0;0;0;0;0;0;1;1;2;2;2;2;2;2;2;2;2
TM13;0;0;0;0;0;0;0;0;0;0;0;0;0;0;0;0;0;0;0;0;0;0;0;1;1;2;2;2;2;0;0;0;0;0
TM14;0;0;0;0;0;0;0;0;0;0;0;0;0;0;0;0;0;0;0;0;0;0;0;1;1;2;2;2;2;0;0;0;0;0
TM15;0;0;0;0;0;0;0;0;0;0;0;0;0;0;0;0;0;0;0;0;0;0;0;1;1;2;2;2;2;0;0;0;0;0
1350;0;0;0;0;0;0;0;0;0;0;0;0;0;0;0;0;0;0;0;0;0;0;0;0;1;1;2;2;2;2;2;2;0;0
1351;0;0;0;0;0;0;0;0;0;0;0;0;0;0;0;0;0;0;0;0;0;0;0;0;1;1;0;0;0;0;0;0;0;0
1352;0;0;0;0;0;0;0;0;0;0;0;0;0;0;0;0;0;0;0;0;0;0;0;0;1;1;2;0;0;0;0;0;0;0
1353;0;0;0;0;0;0;0;0;0;0;0;0;0;0;0;0;0;0;0;0;0;0;0;0;1;1;2;0;0;0;0;0;0;0
1354;0;0;0;0;0;0;0;0;0;0;0;0;0;0;0;0;0;0;0;0;0;0;0;0;1;1;2;2;0;0;0;0;0;0
1355;0;0;0;0;0;0;0;0;0;0;0;0;0;0;0;0;0;0;0;0;0;0;0;0;1;1;1;2;2;0;0;0;0;0
1356;0;0;0;0;0;0;0;0;0;0;0;0;0;0;0;0;0;0;0;0;0;0;0;0;1;1;0;0;0;0;0;0;0;0
1358;0;0;0;0;0;0;0;0;0;0;0;0;0;0;0;0;0;0;0;0;0;0;0;0;1;1;1;2;2;2;2;2;0;0
AF27;0;0;0;0;0;0;0;0;0;0;0;0;0;0;0;0;0;0;0;0;0;0;0;0;1;1;1;0;0;0;0;0;0;0
Angela;0;0;0;0;0;0;0;0;0;0;0;0;0;0;0;0;0;0;0;0;0;0;0;0;1;1;2;2;2;0;0;0;0;0
FA13;0;0;0;0;0;0;0;0;0;0;0;0;0;0;0;0;0;0;0;0;0;0;0;0;1;1;0;0;0;0;0;0;0;0
FA14;0;0;0;0;0;0;0;0;0;0;0;0;0;0;0;0;0;0;0;0;0;0;0;0;1;1;0;0;0;0;0;0;0;0
FP3;0;0;0;0;0;0;0;0;0;0;0;0;0;0;0;0;0;0;0;0;0;0;0;0;1;1;2;0;0;0;0;0;0;0
FP4;0;0;0;0;0;0;0;0;0;0;0;0;0;0;0;0;0;0;0;0;0;0;0;0;1;1;2;2;0;0;0;0;0;0
JP24;0;0;0;0;0;0;0;0;0;0;0;0;0;0;0;0;0;0;0;0;0;0;0;0;1;1;2;2;2;0;0;0;0;0
MP105;0;0;0;0;0;0;0;0;0;0;0;0;0;0;0;0;0;0;0;0;0;0;0;0;1;1;0;0;0;0;0;0;0;0
MP106;0;0;0;0;0;0;0;0;0;0;0;0;0;0;0;0;0;0;0;0;0;0;0;0;1;1;0;0;0;0;0;0;0;0
MP112;0;0;0;0;0;0;0;0;0;0;0;0;0;0;0;0;0;0;0;0;0;0;0;0;1;1;2;2;2;2;0;0;0;0
MP113;0;0;0;0;0;0;0;0;0;0;0;0;0;0;0;0;0;0;0;0;0;0;0;0;1;1;2;2;2;2;0;0;0;0
MP118;0;0;0;0;0;0;0;0;0;0;0;0;0;0;0;0;0;0;0;0;0;0;0;0;1;1;1;2;2;2;2;2;2;2
Nelson;0;0;0;0;0;0;0;0;0;0;0;0;0;0;0;0;0;0;0;0;0;0;0;0;1;1;2;2;2;0;0;0;0;0
SP26;0;0;0;0;0;0;0;0;0;0;0;0;0;0;0;0;0;0;0;0;0;0;0;0;1;1;2;0;0;0;0;0;0;0
1359;0;0;0;0;0;0;0;0;0;0;0;0;0;0;0;0;0;0;0;0;0;0;0;0;0;1;1;2;2;2;2;2;0;0
1361;0;0;0;0;0;0;0;0;0;0;0;0;0;0;0;0;0;0;0;0;0;0;0;0;0;1;1;2;2;0;0;0;0;0
1362;0;0;0;0;0;0;0;0;0;0;0;0;0;0;0;0;0;0;0;0;0;0;0;0;0;1;1;0;0;0;0;0;0;0
1363;0;0;0;0;0;0;0;0;0;0;0;0;0;0;0;0;0;0;0;0;0;0;0;0;0;1;1;2;0;0;0;0;0;0
1364;0;0;0;0;0;0;0;0;0;0;0;0;0;0;0;0;0;0;0;0;0;0;0;0;0;1;1;2;0;0;0;0;0;0
1365;0;0;0;0;0;0;0;0;0;0;0;0;0;0;0;0;0;0;0;0;0;0;0;0;0;1;1;2;0;0;0;0;0;0
1366;0;0;0;0;0;0;0;0;0;0;0;0;0;0;0;0;0;0;0;0;0;0;0;0;0;1;1;2;0;0;0;0;0;0
FA15;0;0;0;0;0;0;0;0;0;0;0;0;0;0;0;0;0;0;0;0;0;0;0;0;0;1;1;2;2;0;0;0;2;2
FA16;0;0;0;0;0;0;0;0;0;0;0;0;0;0;0;0;0;0;0;0;0;0;0;0;0;1;1;2;2;2;2;0;0;0
FA19;0;0;0;0;0;0;0;0;0;0;0;0;0;0;0;0;0;0;0;0;0;0;0;0;0;1;1;1;2;2;2;2;2;2
FP5;0;0;0;0;0;0;0;0;0;0;0;0;0;0;0;0;0;0;0;0;0;0;0;0;0;1;1;0;0;0;0;0;0;0
FP6;0;0;0;0;0;0;0;0;0;0;0;0;0;0;0;0;0;0;0;0;0;0;0;0;0;1;1;2;2;0;0;0;0;0
MP127;0;0;0;0;0;0;0;0;0;0;0;0;0;0;0;0;0;0;0;0;0;0;0;0;0;1;1;2;2;2;2;2;2;2
MP128;0;0;0;0;0;0;0;0;0;0;0;0;0;0;0;0;0;0;0;0;0;0;0;0;0;1;1;2;2;2;2;2;2;2
MP129;0;0;0;0;0;0;0;0;0;0;0;0;0;0;0;0;0;0;0;0;0;0;0;0;0;1;1;2;2;2;2;2;2;2
MP131;0;0;0;0;0;0;0;0;0;0;0;0;0;0;0;0;0;0;0;0;0;0;0;0;0;1;1;2;2;2;0;0;0;0
MP132;0;0;0;0;0;0;0;0;0;0;0;0;0;0;0;0;0;0;0;0;0;0;0;0;0;1;1;2;2;2;0;0;0;0
MP137;0;0;0;0;0;0;0;0;0;0;0;0;0;0;0;0;0;0;0;0;0;0;0;0;0;1;1;2;2;2;2;2;2;2
MP141;0;0;0;0;0;0;0;0;0;0;0;0;0;0;0;0;0;0;0;0;0;0;0;0;0;1;1;2;2;2;2;2;2;2
MP142;0;0;0;0;0;0;0;0;0;0;0;0;0;0;0;0;0;0;0;0;0;0;0;0;0;1;1;2;2;2;2;2;2;2
MP143;0;0;0;0;0;0;0;0;0;0;0;0;0;0;0;0;0;0;0;0;0;0;0;0;0;1;1;2;2;2;2;2;2;2
MP144;0;0;0;0;0;0;0;0;0;0;0;0;0;0;0;0;0;0;0;0;0;0;0;0;0;1;1;2;2;2;2;2;2;2
SP27;0;0;0;0;0;0;0;0;0;0;0;0;0;0;0;0;0;0;0;0;0;0;0;0;0;1;1;0;0;0;0;0;0;0
SP28;0;0;0;0;0;0;0;0;0;0;0;0;0;0;0;0;0;0;0;0;0;0;0;0;0;1;1;0;0;0;0;0;0;0
SP29;0;0;0;0;0;0;0;0;0;0;0;0;0;0;0;0;0;0;0;0;0;0;0;0;0;1;1;0;0;0;0;0;0;0
SP30;0;0;0;0;0;0;0;0;0;0;0;0;0;0;0;0;0;0;0;0;0;0;0;0;0;1;1;0;0;0;0;0;0;0
TM20;0;0;0;0;0;0;0;0;0;0;0;0;0;0;0;0;0;0;0;0;0;0;0;0;0;1;1;2;2;2;2;0;0;0
TM21;0;0;0;0;0;0;0;0;0;0;0;0;0;0;0;0;0;0;0;0;0;0;0;0;0;1;1;2;2;0;0;0;0;0
1368;0;0;0;0;0;0;0;0;0;0;0;0;0;0;0;0;0;0;0;0;0;0;0;0;0;0;1;0;0;0;0;0;0;0
1369;0;0;0;0;0;0;0;0;0;0;0;0;0;0;0;0;0;0;0;0;0;0;0;0;0;0;1;0;0;0;0;0;0;0
1372;0;0;0;0;0;0;0;0;0;0;0;0;0;0;0;0;0;0;0;0;0;0;0;0;0;0;1;1;1;0;0;0;0;0
1373;0;0;0;0;0;0;0;0;0;0;0;0;0;0;0;0;0;0;0;0;0;0;0;0;0;0;1;1;1;0;0;0;0;0
1374;0;0;0;0;0;0;0;0;0;0;0;0;0;0;0;0;0;0;0;0;0;0;0;0;0;0;1;0;0;0;0;0;0;0
FP7;0;0;0;0;0;0;0;0;0;0;0;0;0;0;0;0;0;0;0;0;0;0;0;0;0;0;1;1;1;2;2;0;0;0
FP8;0;0;0;0;0;0;0;0;0;0;0;0;0;0;0;0;0;0;0;0;0;0;0;0;0;0;1;1;0;0;0;0;0;0
MP147;0;0;0;0;0;0;0;0;0;0;0;0;0;0;0;0;0;0;0;0;0;0;0;0;0;0;1;1;2;2;2;2;2;2
MP148;0;0;0;0;0;0;0;0;0;0;0;0;0;0;0;0;0;0;0;0;0;0;0;0;0;0;1;1;2;2;2;2;2;2
MP149;0;0;0;0;0;0;0;0;0;0;0;0;0;0;0;0;0;0;0;0;0;0;0;0;0;0;1;1;2;0;0;0;0;0
MP150;0;0;0;0;0;0;0;0;0;0;0;0;0;0;0;0;0;0;0;0;0;0;0;0;0;0;1;1;2;0;0;0;0;0
MP162;0;0;0;0;0;0;0;0;0;0;0;0;0;0;0;0;0;0;0;0;0;0;0;0;0;0;1;1;1;2;2;2;2;2
MP163;0;0;0;0;0;0;0;0;0;0;0;0;0;0;0;0;0;0;0;0;0;0;0;0;0;0;1;1;1;2;2;2;2;2
1376;0;0;0;0;0;0;0;0;0;0;0;0;0;0;0;0;0;0;0;0;0;0;0;0;0;0;0;1;0;0;0;0;0;0
FA25;0;0;0;0;0;0;0;0;0;0;0;0;0;0;0;0;0;0;0;0;0;0;0;0;0;0;0;1;1;2;2;0;0;0
FA26;0;0;0;0;0;0;0;0;0;0;0;0;0;0;0;0;0;0;0;0;0;0;0;0;0;0;0;1;1;2;2;2;2;2
SP31;0;0;0;0;0;0;0;0;0;0;0;0;0;0;0;0;0;0;0;0;0;0;0;0;0;0;0;1;1;0;0;0;0;0
SP32;0;0;0;0;0;0;0;0;0;0;0;0;0;0;0;0;0;0;0;0;0;0;0;0;0;0;0;1;1;0;0;0;0;0
TM22;0;0;0;0;0;0;0;0;0;0;0;0;0;0;0;0;0;0;0;0;0;0;0;0;0;0;0;2;2;0;0;0;0;0
1377;0;0;0;0;0;0;0;0;0;0;0;0;0;0;0;0;0;0;0;0;0;0;0;0;0;0;0;0;1;0;0;0;0;0
1378;0;0;0;0;0;0;0;0;0;0;0;0;0;0;0;0;0;0;0;0;0;0;0;0;0;0;0;0;1;0;0;0;0;0
1383;0;0;0;0;0;0;0;0;0;0;0;0;0;0;0;0;0;0;0;0;0;0;0;0;0;0;0;0;1;0;0;0;0;0
1384;0;0;0;0;0;0;0;0;0;0;0;0;0;0;0;0;0;0;0;0;0;0;0;0;0;0;0;0;1;0;0;0;0;0
1385;0;0;0;0;0;0;0;0;0;0;0;0;0;0;0;0;0;0;0;0;0;0;0;0;0;0;0;0;1;0;0;0;0;0
1386;0;0;0;0;0;0;0;0;0;0;0;0;0;0;0;0;0;0;0;0;0;0;0;0;0;0;0;0;1;0;0;0;0;0
1387;0;0;0;0;0;0;0;0;0;0;0;0;0;0;0;0;0;0;0;0;0;0;0;0;0;0;0;0;1;0;0;0;0;0
1388;0;0;0;0;0;0;0;0;0;0;0;0;0;0;0;0;0;0;0;0;0;0;0;0;0;0;0;0;1;1;2;2;0;0
1390;0;0;0;0;0;0;0;0;0;0;0;0;0;0;0;0;0;0;0;0;0;0;0;0;0;0;0;0;1;0;0;0;0;0
FA27;0;0;0;0;0;0;0;0;0;0;0;0;0;0;0;0;0;0;0;0;0;0;0;0;0;0;0;0;1;2;2;0;0;0
FA28;0;0;0;0;0;0;0;0;0;0;0;0;0;0;0;0;0;0;0;0;0;0;0;0;0;0;0;0;1;2;2;2;2;2
FA30;0;0;0;0;0;0;0;0;0;0;0;0;0;0;0;0;0;0;0;0;0;0;0;0;0;0;0;0;1;2;0;0;0;0
FA31;0;0;0;0;0;0;0;0;0;0;0;0;0;0;0;0;0;0;0;0;0;0;0;0;0;0;0;0;1;2;2;2;2;0
FP10;0;0;0;0;0;0;0;0;0;0;0;0;0;0;0;0;0;0;0;0;0;0;0;0;0;0;0;0;1;1;2;2;2;2
FP11;0;0;0;0;0;0;0;0;0;0;0;0;0;0;0;0;0;0;0;0;0;0;0;0;0;0;0;0;1;1;2;2;2;2
JB3;0;0;0;0;0;0;0;0;0;0;0;0;0;0;0;0;0;0;0;0;0;0;0;0;0;0;0;0;1;1;1;2;2;2
JB4;0;0;0;0;0;0;0;0;0;0;0;0;0;0;0;0;0;0;0;0;0;0;0;0;0;0;0;0;1;1;1;2;2;2
MP183;0;0;0;0;0;0;0;0;0;0;0;0;0;0;0;0;0;0;0;0;0;0;0;0;0;0;0;0;1;2;2;2;2;2
MP184;0;0;0;0;0;0;0;0;0;0;0;0;0;0;0;0;0;0;0;0;0;0;0;0;0;0;0;0;1;2;2;2;2;2
MP185;0;0;0;0;0;0;0;0;0;0;0;0;0;0;0;0;0;0;0;0;0;0;0;0;0;0;0;0;1;2;0;0;0;0
MP186;0;0;0;0;0;0;0;0;0;0;0;0;0;0;0;0;0;0;0;0;0;0;0;0;0;0;0;0;1;2;2;2;2;2
MP187;0;0;0;0;0;0;0;0;0;0;0;0;0;0;0;0;0;0;0;0;0;0;0;0;0;0;0;0;1;2;2;2;2;2
MP188;0;0;0;0;0;0;0;0;0;0;0;0;0;0;0;0;0;0;0;0;0;0;0;0;0;0;0;0;1;2;2;2;2;2
MP189;0;0;0;0;0;0;0;0;0;0;0;0;0;0;0;0;0;0;0;0;0;0;0;0;0;0;0;0;1;2;2;2;2;2
MP190;0;0;0;0;0;0;0;0;0;0;0;0;0;0;0;0;0;0;0;0;0;0;0;0;0;0;0;0;1;2;2;2;2;0
MP191;0;0;0;0;0;0;0;0;0;0;0;0;0;0;0;0;0;0;0;0;0;0;0;0;0;0;0;0;1;2;2;2;2;0
FA36;0;0;0;0;0;0;0;0;0;0;0;0;0;0;0;0;0;0;0;0;0;0;0;0;0;0;0;0;0;1;1;2;2;2
FA37;0;0;0;0;0;0;0;0;0;0;0;0;0;0;0;0;0;0;0;0;0;0;0;0;0;0;0;0;0;1;1;2;2;0
FA39;0;0;0;0;0;0;0;0;0;0;0;0;0;0;0;0;0;0;0;0;0;0;0;0;0;0;0;0;0;1;1;1;1;1
HP1;0;0;0;0;0;0;0;0;0;0;0;0;0;0;0;0;0;0;0;0;0;0;0;0;0;0;0;0;0;1;1;1;2;0
HP2;0;0;0;0;0;0;0;0;0;0;0;0;0;0;0;0;0;0;0;0;0;0;0;0;0;0;0;0;0;1;1;0;0;0
UR1;0;0;0;0;0;0;0;0;0;0;0;0;0;0;0;0;0;0;0;0;0;0;0;0;0;0;0;0;0;1;1;2;2;2
FA40;0;0;0;0;0;0;0;0;0;0;0;0;0;0;0;0;0;0;0;0;0;0;0;0;0;0;0;0;0;0;1;1;1;0
FA41;0;0;0;0;0;0;0;0;0;0;0;0;0;0;0;0;0;0;0;0;0;0;0;0;0;0;0;0;0;0;1;1;1;1
MP226;0;0;0;0;0;0;0;0;0;0;0;0;0;0;0;0;0;0;0;0;0;0;0;0;0;0;0;0;0;0;1;1;2;2
FA42;0;0;0;0;0;0;0;0;0;0;0;0;0;0;0;0;0;0;0;0;0;0;0;0;0;0;0;0;0;0;0;1;1;0
FA43;0;0;0;0;0;0;0;0;0;0;0;0;0;0;0;0;0;0;0;0;0;0;0;0;0;0;0;0;0;0;0;1;1;2
FA44;0;0;0;0;0;0;0;0;0;0;0;0;0;0;0;0;0;0;0;0;0;0;0;0;0;0;0;0;0;0;0;1;0;0
FA45;0;0;0;0;0;0;0;0;0;0;0;0;0;0;0;0;0;0;0;0;0;0;0;0;0;0;0;0;0;0;0;1;1;1
FP14;0;0;0;0;0;0;0;0;0;0;0;0;0;0;0;0;0;0;0;0;0;0;0;0;0;0;0;0;0;0;0;1;1;2
FP15;0;0;0;0;0;0;0;0;0;0;0;0;0;0;0;0;0;0;0;0;0;0;0;0;0;0;0;0;0;0;0;1;0;0
HP3;0;0;0;0;0;0;0;0;0;0;0;0;0;0;0;0;0;0;0;0;0;0;0;0;0;0;0;0;0;0;0;1;1;0
HP4;0;0;0;0;0;0;0;0;0;0;0;0;0;0;0;0;0;0;0;0;0;0;0;0;0;0;0;0;0;0;0;1;1;0
MP270;0;0;0;0;0;0;0;0;0;0;0;0;0;0;0;0;0;0;0;0;0;0;0;0;0;0;0;0;0;0;0;1;1;1
PH5;0;0;0;0;0;0;0;0;0;0;0;0;0;0;0;0;0;0;0;0;0;0;0;0;0;0;0;0;0;0;0;1;1;0
PH6;0;0;0;0;0;0;0;0;0;0;0;0;0;0;0;0;0;0;0;0;0;0;0;0;0;0;0;0;0;0;0;1;1;0
UR8;0;0;0;0;0;0;0;0;0;0;0;0;0;0;0;0;0;0;0;0;0;0;0;0;0;0;0;0;0;0;0;1;1;1
UR9;0;0;0;0;0;0;0;0;0;0;0;0;0;0;0;0;0;0;0;0;0;0;0;0;0;0;0;0;0;0;0;1;1;1
FB4;0;0;0;0;0;0;0;0;0;0;0;0;0;0;0;0;0;0;0;0;0;0;0;0;0;0;0;0;0;0;0;0;1;1
FB5;0;0;0;0;0;0;0;0;0;0;0;0;0;0;0;0;0;0;0;0;0;0;0;0;0;0;0;0;0;0;0;0;1;1
FP18;0;0;0;0;0;0;0;0;0;0;0;0;0;0;0;0;0;0;0;0;0;0;0;0;0;0;0;0;0;0;0;0;1;1
FP19;0;0;0;0;0;0;0;0;0;0;0;0;0;0;0;0;0;0;0;0;0;0;0;0;0;0;0;0;0;0;0;0;1;1
FP20;0;0;0;0;0;0;0;0;0;0;0;0;0;0;0;0;0;0;0;0;0;0;0;0;0;0;0;0;0;0;0;0;1;1
FP21;0;0;0;0;0;0;0;0;0;0;0;0;0;0;0;0;0;0;0;0;0;0;0;0;0;0;0;0;0;0;0;0;1;1
HP5;0;0;0;0;0;0;0;0;0;0;0;0;0;0;0;0;0;0;0;0;0;0;0;0;0;0;0;0;0;0;0;0;1;1
HP6;0;0;0;0;0;0;0;0;0;0;0;0;0;0;0;0;0;0;0;0;0;0;0;0;0;0;0;0;0;0;0;0;1;1
MP321;0;0;0;0;0;0;0;0;0;0;0;0;0;0;0;0;0;0;0;0;0;0;0;0;0;0;0;0;0;0;0;0;1;1
MP322;0;0;0;0;0;0;0;0;0;0;0;0;0;0;0;0;0;0;0;0;0;0;0;0;0;0;0;0;0;0;0;0;1;1
MP326;0;0;0;0;0;0;0;0;0;0;0;0;0;0;0;0;0;0;0;0;0;0;0;0;0;0;0;0;0;0;0;0;1;1
MP329;0;0;0;0;0;0;0;0;0;0;0;0;0;0;0;0;0;0;0;0;0;0;0;0;0;0;0;0;0;0;0;0;1;1
MP330;0;0;0;0;0;0;0;0;0;0;0;0;0;0;0;0;0;0;0;0;0;0;0;0;0;0;0;0;0;0;0;0;1;1
MP335;0;0;0;0;0;0;0;0;0;0;0;0;0;0;0;0;0;0;0;0;0;0;0;0;0;0;0;0;0;0;0;0;1;1
MP345;0;0;0;0;0;0;0;0;0;0;0;0;0;0;0;0;0;0;0;0;0;0;0;0;0;0;0;0;0;0;0;0;1;1
MP346;0;0;0;0;0;0;0;0;0;0;0;0;0;0;0;0;0;0;0;0;0;0;0;0;0;0;0;0;0;0;0;0;1;1
QL5;0;0;0;0;0;0;0;0;0;0;0;0;0;0;0;0;0;0;0;0;0;0;0;0;0;0;0;0;0;0;0;0;1;1
QL6;0;0;0;0;0;0;0;0;0;0;0;0;0;0;0;0;0;0;0;0;0;0;0;0;0;0;0;0;0;0;0;0;1;1
DISP;0;0;0;0;0;0;0;0;0;0;0;0;0;0;0;0;0;0;0;0;0;0;0;0;0;0;0;0;0;0;0;0;0;1
FB7;0;0;0;0;0;0;0;0;0;0;0;0;0;0;0;0;0;0;0;0;0;0;0;0;0;0;0;0;0;0;0;0;0;1
FB8;0;0;0;0;0;0;0;0;0;0;0;0;0;0;0;0;0;0;0;0;0;0;0;0;0;0;0;0;0;0;0;0;0;1
HP7;0;0;0;0;0;0;0;0;0;0;0;0;0;0;0;0;0;0;0;0;0;0;0;0;0;0;0;0;0;0;0;0;0;1
HP8;0;0;0;0;0;0;0;0;0;0;0;0;0;0;0;0;0;0;0;0;0;0;0;0;0;0;0;0;0;0;0;0;0;1
MP400;0;0;0;0;0;0;0;0;0;0;0;0;0;0;0;0;0;0;0;0;0;0;0;0;0;0;0;0;0;0;0;0;0;1
MP406;0;0;0;0;0;0;0;0;0;0;0;0;0;0;0;0;0;0;0;0;0;0;0;0;0;0;0;0;0;0;0;0;0;1
MP407;0;0;0;0;0;0;0;0;0;0;0;0;0;0;0;0;0;0;0;0;0;0;0;0;0;0;0;0;0;0;0;0;0;1
MP446;0;0;0;0;0;0;0;0;0;0;0;0;0;0;0;0;0;0;0;0;0;0;0;0;0;0;0;0;0;0;0;0;0;1
MP447;0;0;0;0;0;0;0;0;0;0;0;0;0;0;0;0;0;0;0;0;0;0;0;0;0;0;0;0;0;0;0;0;0;1
MP464;0;0;0;0;0;0;0;0;0;0;0;0;0;0;0;0;0;0;0;0;0;0;0;0;0;0;0;0;0;0;0;0;0;1
MP498;0;0;0;0;0;0;0;0;0;0;0;0;0;0;0;0;0;0;0;0;0;0;0;0;0;0;0;0;0;0;0;0;0;1
MP500;0;0;0;0;0;0;0;0;0;0;0;0;0;0;0;0;0;0;0;0;0;0;0;0;0;0;0;0;0;0;0;0;0;2
QL7;0;0;0;0;0;0;0;0;0;0;0;0;0;0;0;0;0;0;0;0;0;0;0;0;0;0;0;0;0;0;0;0;0;1
