GLT;Juvenile;Subadult;Adult;O2009;O2010;O2011;O2012;O2013;O2014;O2015;O2016;O2017;O2018;O2019;O2020;O2021;O2022
1023;0;0;1;1;1;1;1;1;1;1;1;1;1;1;1;1;1
1052;0;0;1;1;1;1;1;1;1;1;1;1;0;0;0;0;0
1058;0;0;1;1;1;1;1;1;1;1;0;0;0;0;0;0;0
1077;0;0;1;1;1;1;0;0;0;0;0;0;0;0;0;0;0
1111;0;0;1;1;1;1;1;1;1;1;1;1;0;0;0;0;0
1115;0;0;1;1;1;1;1;1;1;1;1;1;1;1;1;1;1
1124;0;0;1;1;1;1;1;1;1;1;1;1;1;1;1;1;1
1223;0;0;1;1;1;1;1;1;1;0;0;0;0;0;0;0;0
1267;0;0;1;1;1;1;1;0;0;0;0;0;0;0;0;0;0
1267;0;1;0;1;0;0;0;0;0;0;0;0;0;0;0;0;0
1275;0;0;1;1;1;1;0;0;0;0;0;0;0;0;0;0;0
1277;0;0;1;1;1;1;1;1;1;0;0;0;0;0;0;0;0
1278;0;0;1;1;1;1;1;1;1;1;1;1;0;0;0;0;0
1283;0;0;1;1;1;0;0;0;0;0;0;0;0;0;0;0;0
1284;0;0;1;1;1;1;1;1;1;1;1;1;0;0;0;0;0
1289;0;0;1;1;0;0;0;0;0;0;0;0;0;0;0;0;0
1290;0;1;0;1;0;0;0;0;0;0;0;0;0;0;0;0;0
1291;0;1;0;1;0;0;0;0;0;0;0;0;0;0;0;0;0
1292;0;0;1;1;1;0;0;0;0;0;0;0;0;0;0;0;0
1294;0;0;1;1;1;1;0;0;0;0;0;0;0;0;0;0;0
1294;0;1;0;1;0;0;0;0;0;0;0;0;0;0;0;0;0
1295;0;0;1;1;1;0;0;0;0;0;0;0;0;0;0;0;0
1295;1;0;0;1;0;0;0;0;0;0;0;0;0;0;0;0;0
1296;0;0;1;1;1;0;0;0;0;0;0;0;0;0;0;0;0
1296;0;1;0;1;0;0;0;0;0;0;0;0;0;0;0;0;0
1297;0;0;1;1;0;0;0;0;0;0;0;0;0;0;0;0;0
1297;0;1;0;1;0;0;0;0;0;0;0;0;0;0;0;0;0
1298;0;0;1;1;1;0;0;0;0;0;0;0;0;0;0;0;0
1298;0;1;0;1;0;0;0;0;0;0;0;0;0;0;0;0;0
1300;0;1;0;1;0;0;0;0;0;0;0;0;0;0;0;0;0
1301;1;0;0;1;1;0;0;0;0;0;0;0;0;0;0;0;0
1302;1;0;0;1;1;0;0;0;0;0;0;0;0;0;0;0;0
1303;1;0;0;1;1;0;0;0;0;0;0;0;0;0;0;0;0
1304;1;0;0;1;1;0;0;0;0;0;0;0;0;0;0;0;0
1305;1;0;0;1;0;0;0;0;0;0;0;0;0;0;0;0;0
1306;1;0;0;1;0;0;0;0;0;0;0;0;0;0;0;0;0
1307;1;0;0;1;1;0;0;0;0;0;0;0;0;0;0;0;0
1308;1;0;0;1;0;0;0;0;0;0;0;0;0;0;0;0;0
1309;1;0;0;1;1;0;0;0;0;0;0;0;0;0;0;0;0
1310;1;0;0;1;1;0;0;0;0;0;0;0;0;0;0;0;0
1311;1;0;0;1;1;0;0;0;0;0;0;0;0;0;0;0;0
1312;1;0;0;1;1;0;0;0;0;0;0;0;0;0;0;0;0
1313;1;0;0;1;1;1;0;0;0;0;0;0;0;0;0;0;0
1314;1;0;0;1;1;1;0;0;0;0;0;0;0;0;0;0;0
1315;1;0;0;1;1;1;0;0;0;0;0;0;0;0;0;0;0
1316;1;0;0;1;0;0;0;0;0;0;0;0;0;0;0;0;0
1317;1;0;0;1;1;0;0;0;0;0;0;0;0;0;0;0;0
1884;0;0;1;1;0;0;0;0;0;0;0;0;0;0;0;0;0
481;0;0;1;1;1;0;0;0;0;0;0;0;0;0;0;0;0
812;0;0;1;1;1;1;1;1;0;0;0;0;0;0;0;0;0
846;0;0;1;1;1;1;0;0;0;0;0;0;0;0;0;0;0
848;0;0;1;1;1;1;1;0;0;0;0;0;0;0;0;0;0
860;0;0;1;1;0;0;0;0;0;0;0;0;0;0;0;0;0
869;0;0;1;1;1;1;1;1;1;1;1;1;1;1;1;0;0
880;0;0;1;1;1;1;1;1;1;0;0;0;0;0;0;0;0
971;0;0;1;1;1;1;1;1;1;1;1;1;1;1;1;1;1
981;0;0;1;1;1;0;0;0;0;0;0;0;0;0;0;0;0
989;0;0;1;1;1;1;1;1;1;1;1;1;1;1;1;1;1
AF11;0;0;1;1;0;0;0;0;0;0;0;0;0;0;0;0;0
AF11;0;1;0;1;0;0;0;0;0;0;0;0;0;0;0;0;0
AF12;0;0;1;1;1;0;0;0;0;0;0;0;0;0;0;0;0
AF12;1;0;0;1;0;0;0;0;0;0;0;0;0;0;0;0;0
AF13;0;0;1;1;1;0;1;1;1;1;1;0;0;0;0;0;0
AF14;1;0;0;1;1;0;0;0;0;0;0;0;0;0;0;0;0
AF15;1;0;0;1;1;0;0;0;0;0;0;0;0;0;0;0;0
AF3;0;0;1;1;1;0;0;0;0;0;0;0;0;0;0;0;0
AF4;0;0;1;1;1;1;1;1;1;1;1;1;1;1;1;1;1
AF5;0;0;1;1;1;1;1;0;0;0;0;0;0;0;0;0;0
AF6;0;0;1;1;0;0;0;0;0;0;0;0;0;0;0;0;0
AF8;0;0;1;1;1;1;0;0;0;0;0;0;0;0;0;0;0
AM1;0;0;1;1;0;0;0;0;0;0;0;0;0;0;0;0;0
AT12;0;0;1;1;0;0;0;0;0;0;0;0;0;0;0;0;0
AT13;0;0;1;1;0;0;0;0;0;0;0;0;0;0;0;0;0
AT14;0;0;1;1;0;0;0;0;0;0;0;0;0;0;0;0;0
AT15;0;0;1;1;0;0;0;0;0;0;0;0;0;0;0;0;0
AT3;0;0;1;1;0;0;0;0;0;0;0;0;0;0;0;0;0
AT6;0;0;1;1;1;1;1;0;0;0;0;0;0;0;0;0;0
AT7;0;0;1;1;0;0;0;0;0;0;0;0;0;0;0;0;0
AT8;0;0;1;1;1;1;0;0;0;0;0;0;0;0;0;0;0
AT9;0;0;1;1;1;1;1;1;0;0;0;0;0;0;0;0;0
AX1;0;0;1;1;1;1;1;1;1;1;1;1;1;1;1;1;1
AX13;0;0;1;1;0;0;0;0;0;0;0;0;0;0;0;0;0
AX14;0;0;1;1;0;0;0;0;0;0;0;0;0;0;0;0;0
AX15;0;0;1;1;0;0;0;0;0;0;0;0;0;0;0;0;0
AX17;0;0;1;1;1;1;1;1;1;1;1;1;1;1;1;1;0
AX18;0;0;1;1;0;0;0;0;0;0;0;0;0;0;0;0;0
AX19;0;0;1;1;1;1;1;1;1;1;1;1;1;1;1;1;0
AX2;0;0;1;1;1;1;0;0;0;0;0;0;0;0;0;0;0
AX20;0;0;1;1;1;0;0;0;0;0;0;0;0;0;0;0;0
AX20;0;1;0;1;0;0;0;0;0;0;0;0;0;0;0;0;0
AX21;0;0;1;1;1;1;1;1;1;1;1;1;0;0;0;0;0
AX21;0;1;0;1;0;0;0;0;0;0;0;0;0;0;0;0;0
AX22;0;0;1;1;1;0;1;1;0;0;0;0;0;0;0;0;0
AX23;0;0;1;1;1;0;1;1;1;1;1;1;0;0;0;0;0
AX24;0;0;1;1;1;0;1;1;1;1;1;1;0;0;0;0;0
AX4;0;0;1;1;1;0;0;0;0;0;0;0;0;0;0;0;0
AXI;0;0;1;1;0;0;0;0;0;0;0;0;0;0;0;0;0
BE1;0;0;1;1;1;1;1;1;1;1;1;1;1;1;0;0;0
BE2;0;0;1;1;0;0;0;0;0;0;0;0;0;0;0;0;0
BE3;0;0;1;1;0;0;1;1;0;0;0;0;0;0;0;0;0
BE5;0;0;1;1;0;0;0;0;0;0;0;0;0;0;0;0;0
BE6;0;0;1;1;0;1;1;1;1;1;1;0;0;0;0;0;0
BE7;0;0;1;1;0;0;0;0;0;0;0;0;0;0;0;0;0
BE8;0;0;1;1;0;0;0;0;0;0;0;0;0;0;0;0;0
BV1;0;0;1;1;0;0;0;0;0;0;0;0;0;0;0;0;0
BV2;0;0;1;1;0;0;0;0;0;0;0;0;0;0;0;0;0
BV3;0;0;1;1;0;0;0;0;0;0;0;0;0;0;0;0;0
BV4;0;0;1;1;0;0;0;0;0;0;0;0;0;0;0;0;0
BV5;0;0;1;1;0;0;0;0;0;0;0;0;0;0;0;0;0
BV7;0;0;1;1;0;0;0;0;0;0;0;0;0;0;0;0;0
CH4;0;0;1;1;0;0;0;0;0;0;0;0;0;0;0;0;0
EL2;0;0;1;1;0;0;0;0;0;0;0;0;0;0;0;0;0
FA1;0;0;1;1;1;0;1;0;0;0;0;0;0;0;0;0;0
FA2;0;0;1;1;1;0;1;1;1;1;1;0;0;0;0;0;0
FA2;1;0;0;1;0;0;0;0;0;0;0;0;0;0;0;0;0
FA3;1;0;0;1;1;0;0;0;0;0;0;0;0;0;0;0;0
FA4;1;0;0;1;1;0;0;0;0;0;0;0;0;0;0;0;0
FX2;0;0;1;1;0;1;1;1;1;1;1;0;0;0;0;0;0
JG3;0;0;1;1;0;0;0;0;0;0;0;0;0;0;0;0;0
JG4;0;0;1;1;1;0;0;0;0;0;0;0;0;0;0;0;0
JG5;0;0;1;1;0;0;0;0;0;0;0;0;0;0;0;0;0
JP1;0;0;1;1;0;0;0;0;0;0;0;0;0;0;0;0;0
JP10;0;0;1;1;1;0;0;0;0;0;0;0;0;0;0;0;0
JP12;0;0;1;1;1;0;0;0;0;0;0;0;0;0;0;0;0
JP13;0;0;1;1;1;1;1;1;1;1;1;1;0;0;0;0;0
JP14;0;0;1;1;1;0;0;0;0;0;0;0;0;0;0;0;0
JP16;1;0;0;1;1;1;0;0;0;0;0;0;0;0;0;0;0
JP17;1;0;0;1;1;1;0;0;0;0;0;0;0;0;0;0;0
JP5;0;0;1;1;1;1;1;1;1;1;1;1;0;0;0;0;0
JP6;0;0;1;1;0;0;0;0;0;0;0;0;0;0;0;0;0
JP7;0;0;1;1;0;0;0;0;0;0;0;0;0;0;0;0;0
JP8;0;0;1;1;0;0;0;0;0;0;0;0;0;0;0;0;0
JP9;0;0;1;1;0;0;0;0;0;0;0;0;0;0;0;0;0
LA12;0;0;1;1;0;0;0;0;0;0;0;0;0;0;0;0;0
MA14;0;0;1;1;0;0;0;0;0;0;0;0;0;0;0;0;0
MP17;0;0;1;1;1;1;0;0;0;0;0;0;0;0;0;0;0
MP18;1;0;0;1;1;0;0;0;0;0;0;0;0;0;0;0;0
MP19;0;0;1;1;1;1;1;1;1;1;1;1;1;0;0;0;0
MP20;1;0;0;1;1;0;0;0;0;0;0;0;0;0;0;0;0
MP21;1;0;0;1;1;0;0;0;0;0;0;0;0;0;0;0;0
MP22;1;0;0;1;1;0;0;0;0;0;0;0;0;0;0;0;0
MP23;0;0;1;1;1;1;1;1;1;1;1;1;1;1;1;1;1
MP24;1;0;0;1;1;0;0;0;0;0;0;0;0;0;0;0;0
MP25;1;0;0;1;1;0;0;0;0;0;0;0;0;0;0;0;0
MP26;1;0;0;1;1;1;0;0;0;0;0;0;0;0;0;0;0
MP27;1;0;0;1;1;0;0;0;0;0;0;0;0;0;0;0;0
MP28;0;0;1;1;1;1;1;1;0;0;0;0;0;0;0;0;0
MP29;0;1;0;1;1;0;0;0;0;0;0;0;0;0;0;0;0
MP30;1;0;0;1;1;0;0;0;0;0;0;0;0;0;0;0;0
MP31;1;0;0;1;1;0;0;0;0;0;0;0;0;0;0;0;0
MP32;0;0;1;1;1;1;0;0;0;0;0;0;0;0;0;0;0
MP33;0;0;1;1;1;1;1;1;1;0;0;0;0;0;0;0;0
MP34;0;0;1;1;1;1;1;1;0;0;0;0;0;0;0;0;0
MP35;0;1;0;1;1;0;0;0;0;0;0;0;0;0;0;0;0
MP36;1;0;0;1;1;0;0;0;0;0;0;0;0;0;0;0;0
MP37;1;0;0;1;1;0;0;0;0;0;0;0;0;0;0;0;0
OL15;0;0;1;1;1;0;0;0;0;0;0;0;0;0;0;0;0
OL16;0;0;1;1;0;0;0;0;0;0;0;0;0;0;0;0;0
OL21;0;0;1;1;0;0;0;0;0;0;0;0;0;0;0;0;0
OL23;0;0;1;1;1;1;0;0;0;0;0;0;0;0;0;0;0
OL26;0;0;1;1;1;1;0;0;0;0;0;0;0;0;0;0;0
OL27;0;0;1;1;1;1;0;0;0;0;0;0;0;0;0;0;0
OL30;0;0;1;1;1;1;0;0;0;0;0;0;0;0;0;0;0
OL30;0;1;0;1;0;0;0;0;0;0;0;0;0;0;0;0;0
OL5;0;0;1;1;0;0;0;0;0;0;0;0;0;0;0;0;0
OL8;0;0;1;1;0;0;0;0;0;0;0;0;0;0;0;0;0
OL9;0;0;1;1;0;0;0;0;0;0;0;0;0;0;0;0;0
PI1;0;0;1;1;0;0;0;0;0;0;0;0;0;0;0;0;0
PI10;0;0;1;1;0;0;0;0;0;0;0;0;0;0;0;0;0
PI11;0;0;1;1;0;0;0;0;0;0;0;0;0;0;0;0;0
PI12;0;0;1;1;0;0;0;0;0;0;0;0;0;0;0;0;0
PI13;0;0;1;1;0;0;0;0;0;0;0;0;0;0;0;0;0
PI14;0;0;1;1;0;0;0;0;0;0;0;0;0;0;0;0;0
PI15;0;0;1;1;0;0;0;0;0;0;0;0;0;0;0;0;0
PI16;0;0;1;1;0;0;0;0;0;0;0;0;0;0;0;0;0
PI17;0;0;1;1;0;0;0;0;0;0;0;0;0;0;0;0;0
PI3.1;0;0;1;1;0;0;0;0;0;0;0;0;0;0;0;0;0
PI6;0;0;1;1;0;0;0;0;0;0;0;0;0;0;0;0;0
PI7;0;0;1;1;0;0;0;0;0;0;0;0;0;0;0;0;0
PI8;0;0;1;1;0;0;0;0;0;0;0;0;0;0;0;0;0
PI9;0;0;1;1;0;0;0;0;0;0;0;0;0;0;0;0;0
PR4;0;0;1;1;0;0;0;0;0;0;0;0;0;0;0;0;0
PR8;0;0;1;1;0;0;0;0;0;0;0;0;0;0;0;0;0
PR9;0;0;1;1;0;0;0;0;0;0;0;0;0;0;0;0;0
PT4;0;0;1;1;1;1;0;0;0;0;0;0;0;0;0;0;0
PT5;0;0;1;1;0;0;0;0;0;0;0;0;0;0;0;0;0
PT7;0;0;1;1;1;1;1;1;1;1;1;1;0;0;0;0;0
PT8;0;0;1;1;1;1;1;1;1;1;1;1;0;0;0;0;0
RT15;0;0;1;1;0;0;0;0;0;0;0;0;0;0;0;0;0
SD4;0;0;1;1;1;1;1;1;1;1;1;1;0;0;0;0;0
SD6;0;0;1;1;0;0;0;0;0;0;0;0;0;0;0;0;0
SI10;0;0;1;1;1;0;1;1;1;1;1;1;0;0;0;0;0
SI11;1;0;0;1;0;0;0;0;0;0;0;0;0;0;0;0;0
SI11;0;1;0;1;0;0;0;0;0;0;0;0;0;0;0;0;0
SI12;0;0;1;1;1;0;0;0;0;0;0;0;0;0;0;0;0
SI12;1;0;0;1;0;0;0;0;0;0;0;0;0;0;0;0;0
SI12;0;1;0;1;0;0;0;0;0;0;0;0;0;0;0;0;0
SI13;1;0;0;1;0;0;0;0;0;0;0;0;0;0;0;0;0
SI13;0;1;0;1;0;0;0;0;0;0;0;0;0;0;0;0;0
SI14;1;0;0;1;1;0;0;0;0;0;0;0;0;0;0;0;0
SI15;1;0;0;1;1;0;0;0;0;0;0;0;0;0;0;0;0
SI16;1;0;0;1;1;0;0;0;0;0;0;0;0;0;0;0;0
SI17;1;0;0;1;1;0;0;0;0;0;0;0;0;0;0;0;0
SI2;0;0;1;1;0;0;0;0;0;0;0;0;0;0;0;0;0
SI3;0;0;1;1;0;0;0;0;0;0;0;0;0;0;0;0;0
SI4;0;0;1;1;1;1;1;1;1;1;1;1;1;1;1;1;0
SI5;0;0;1;1;0;0;0;0;0;0;0;0;0;0;0;0;0
SI7;0;0;1;1;1;1;1;1;1;1;1;1;0;0;0;0;0
SI8;0;0;1;1;1;1;1;0;0;0;0;0;0;0;0;0;0
SI9;0;0;1;1;0;0;0;0;0;0;0;0;0;0;0;0;0
SP12;0;0;1;1;0;0;0;0;0;0;0;0;0;0;0;0;0
SP12;0;1;0;1;0;0;0;0;0;0;0;0;0;0;0;0;0
SP13;0;0;1;1;1;0;0;0;0;0;0;0;0;0;0;0;0
SP13;1;0;0;1;0;0;0;0;0;0;0;0;0;0;0;0;0
SP14;0;0;1;1;1;0;1;0;0;0;0;0;0;0;0;0;0
SP14;1;0;0;1;0;0;0;0;0;0;0;0;0;0;0;0;0
SP15;0;0;1;1;1;0;1;0;0;0;0;0;0;0;0;0;0
SP16;0;0;1;1;1;0;1;1;1;1;0;0;0;0;0;0;0
SP18;1;0;0;1;1;0;0;0;0;0;0;0;0;0;0;0;0
SP2;0;0;1;1;1;0;0;0;0;0;0;0;0;0;0;0;0
SP6;0;0;1;1;1;1;1;1;1;1;1;1;1;1;1;1;1
SP8;0;0;1;1;1;0;0;0;0;0;0;0;0;0;0;0;0
SP9;0;0;1;1;1;1;1;0;0;0;0;0;0;0;0;0;0
ST16;0;0;1;1;0;0;0;0;0;0;0;0;0;0;0;0;0
TM1;0;0;1;1;0;0;0;0;0;0;0;0;0;0;0;0;0
TM2;0;0;1;1;1;1;1;1;1;1;1;1;1;1;1;1;1
TM3;0;0;1;1;1;0;0;0;0;0;0;0;0;0;0;0;0
TM4;0;0;1;1;0;0;0;0;0;0;0;0;0;0;0;0;0
TM5;0;0;1;1;0;0;0;0;0;0;0;0;0;0;0;0;0
TM5;0;1;0;1;0;0;0;0;0;0;0;0;0;0;0;0;0
TM6;0;0;1;1;1;0;0;0;0;0;0;0;0;0;0;0;0
TM7;0;0;1;1;1;0;0;0;0;0;0;0;0;0;0;0;0
TM8;1;0;0;1;1;1;0;0;0;0;0;0;0;0;0;0;0
TM9;1;0;0;1;1;1;0;0;0;0;0;0;0;0;0;0;0
TR4;0;0;1;1;0;0;0;0;0;0;0;0;0;0;0;0;0
XT1;1;0;0;1;1;1;1;0;0;0;0;0;0;0;0;0;0
XT2;1;0;0;1;1;1;0;0;0;0;0;0;0;0;0;0;0
1114;0;0;1;0;1;1;1;1;1;0;0;0;0;0;0;0;0
1126;0;0;1;0;1;1;1;1;1;1;1;1;1;1;1;1;1
1302;0;1;0;0;1;1;0;0;0;0;0;0;0;0;0;0;0
1303;0;1;0;0;1;1;0;0;0;0;0;0;0;0;0;0;0
1307;0;1;0;0;1;1;0;0;0;0;0;0;0;0;0;0;0
1311;0;1;0;0;1;1;0;0;0;0;0;0;0;0;0;0;0
1312;0;1;0;0;1;0;0;0;0;0;0;0;0;0;0;0;0
1318;1;0;0;0;1;1;0;0;0;0;0;0;0;0;0;0;0
1318.1;1;0;0;0;1;1;0;0;0;0;0;0;0;0;0;0;0
1319;1;0;0;0;1;1;0;0;0;0;0;0;0;0;0;0;0
1320;1;0;0;0;1;1;0;0;0;0;0;0;0;0;0;0;0
1321;1;0;0;0;1;1;0;0;0;0;0;0;0;0;0;0;0
1322;1;0;0;0;1;1;0;0;0;0;0;0;0;0;0;0;0
1323;1;0;0;0;1;1;0;0;0;0;0;0;0;0;0;0;0
1324;1;0;0;0;1;1;0;0;0;0;0;0;0;0;0;0;0
1325;1;0;0;0;1;1;0;0;0;0;0;0;0;0;0;0;0
1326;1;0;0;0;1;1;1;0;0;0;0;0;0;0;0;0;0
1327;1;0;0;0;1;1;0;0;0;0;0;0;0;0;0;0;0
1328;1;0;0;0;1;1;0;0;0;0;0;0;0;0;0;0;0
986;0;0;1;0;1;1;1;1;1;1;1;1;1;1;1;1;1
AF12;0;1;0;0;1;1;1;0;0;0;0;0;0;0;0;0;0
AF13;0;1;0;0;1;1;1;0;0;0;0;0;0;0;0;0;0
AF14;0;1;0;0;1;1;0;0;0;0;0;0;0;0;0;0;0
AF15;0;1;0;0;1;1;0;0;0;0;0;0;0;0;0;0;0
AX22;0;1;0;0;1;1;0;0;0;0;0;0;0;0;0;0;0
AX23;0;1;0;0;1;1;0;0;0;0;0;0;0;0;0;0;0
AX24;0;1;0;0;1;1;0;0;0;0;0;0;0;0;0;0;0
FA1;0;1;0;0;1;1;0;0;0;0;0;0;0;0;0;0;0
FA2;0;1;0;0;1;1;0;0;0;0;0;0;0;0;0;0;0
FA3;0;1;0;0;1;1;0;0;0;0;0;0;0;0;0;0;0
FA4;0;1;0;0;1;1;0;0;0;0;0;0;0;0;0;0;0
JP18;1;0;0;0;1;0;0;0;0;0;0;0;0;0;0;0;0
JP19;1;0;0;0;1;1;0;0;0;0;0;0;0;0;0;0;0
JP20;1;0;0;0;1;1;0;0;0;0;0;0;0;0;0;0;0
JP21;1;0;0;0;1;1;0;0;0;0;0;0;0;0;0;0;0
JP22;1;0;0;0;1;1;0;0;0;0;0;0;0;0;0;0;0
MP18;0;1;0;0;1;1;0;0;0;0;0;0;0;0;0;0;0
MP20;0;1;0;0;1;1;0;0;0;0;0;0;0;0;0;0;0
MP21;0;1;0;0;1;1;0;0;0;0;0;0;0;0;0;0;0
MP22;0;1;0;0;1;0;0;0;0;0;0;0;0;0;0;0;0
MP24;0;1;0;0;1;0;0;0;0;0;0;0;0;0;0;0;0
MP25;0;1;0;0;1;0;0;0;0;0;0;0;0;0;0;0;0
MP29;0;0;1;0;1;1;1;1;0;0;0;0;0;0;0;0;0
MP30;0;1;0;0;1;1;1;0;0;0;0;0;0;0;0;0;0
MP31;0;1;0;0;1;1;1;0;0;0;0;0;0;0;0;0;0
MP35;0;0;1;0;1;1;1;1;1;1;1;1;1;1;1;1;1
MP36;0;1;0;0;1;1;1;0;0;0;0;0;0;0;0;0;0
MP37;0;1;0;0;1;1;0;0;0;0;0;0;0;0;0;0;0
MP38;1;0;0;0;1;1;1;1;0;0;0;0;0;0;0;0;0
MP39;1;0;0;0;1;1;1;1;0;0;0;0;0;0;0;0;0
MP40;1;0;0;0;1;1;0;0;0;0;0;0;0;0;0;0;0
MP41;1;0;0;0;1;0;0;0;0;0;0;0;0;0;0;0;0
MP42;1;0;0;0;1;0;0;0;0;0;0;0;0;0;0;0;0
MP43;1;0;0;0;1;0;0;0;0;0;0;0;0;0;0;0;0
MP44;1;0;0;0;1;1;1;0;0;0;0;0;0;0;0;0;0
MP45;1;0;0;0;1;1;0;0;0;0;0;0;0;0;0;0;0
MP46;1;0;0;0;1;1;0;0;0;0;0;0;0;0;0;0;0
MP47;0;0;1;0;1;1;1;1;1;1;1;1;1;1;1;1;1
MP48;0;1;0;0;1;1;0;0;0;0;0;0;0;0;0;0;0
MP49;0;1;0;0;1;1;0;0;0;0;0;0;0;0;0;0;0
MP50;1;0;0;0;1;1;0;0;0;0;0;0;0;0;0;0;0
MP51;1;0;0;0;1;1;0;0;0;0;0;0;0;0;0;0;0
MP52;1;0;0;0;1;1;1;0;0;0;0;0;0;0;0;0;0
MP53;1;0;0;0;1;1;1;0;0;0;0;0;0;0;0;0;0
MP54;0;0;1;0;1;1;1;1;1;1;1;1;1;1;1;1;1
MP58;1;0;0;0;1;1;0;0;0;0;0;0;0;0;0;0;0
MP59;1;0;0;0;1;1;0;0;0;0;0;0;0;0;0;0;0
MP60;1;0;0;0;1;1;0;0;0;0;0;0;0;0;0;0;0
MP61;1;0;0;0;1;1;0;0;0;0;0;0;0;0;0;0;0
MP62;1;0;0;0;1;1;0;0;0;0;0;0;0;0;0;0;0
MP63;1;0;0;0;1;1;0;0;0;0;0;0;0;0;0;0;0
MP64;1;0;0;0;1;1;0;0;0;0;0;0;0;0;0;0;0
PM55;0;0;1;0;1;1;1;1;1;1;1;1;1;1;1;1;1
SI14;0;1;0;0;1;1;0;0;0;0;0;0;0;0;0;0;0
SI16;0;1;0;0;1;1;0;0;0;0;0;0;0;0;0;0;0
SI17;0;1;0;0;1;1;0;0;0;0;0;0;0;0;0;0;0
SP14;0;1;0;0;1;1;0;0;0;0;0;0;0;0;0;0;0
SP15;0;1;0;0;1;1;0;0;0;0;0;0;0;0;0;0;0
SP16;0;1;0;0;1;1;0;0;0;0;0;0;0;0;0;0;0
SP18;0;1;0;0;1;1;0;0;0;0;0;0;0;0;0;0;0
SP19;1;0;0;0;1;0;0;0;0;0;0;0;0;0;0;0;0
TM10;1;0;0;0;1;1;0;0;0;0;0;0;0;0;0;0;0
TM11;1;0;0;0;1;1;0;0;0;0;0;0;0;0;0;0;0
1303;0;0;1;0;0;1;1;1;1;1;1;1;1;0;0;0;0
1307;0;0;1;0;0;1;0;0;0;0;0;0;0;0;0;0;0
1311;0;0;1;0;0;1;0;0;0;0;0;0;0;0;0;0;0
1329;1;0;0;0;0;1;0;0;0;0;0;0;0;0;0;0;0
1330;1;0;0;0;0;1;0;0;0;0;0;0;0;0;0;0;0
1331;1;0;0;0;0;1;0;0;0;0;0;0;0;0;0;0;0
AF14;0;0;1;0;0;1;1;1;0;0;0;0;0;0;0;0;0
AF15;0;0;1;0;0;1;1;0;0;0;0;0;0;0;0;0;0
AF17;1;0;0;0;0;1;0;0;0;0;0;0;0;0;0;0;0
AF18;1;0;0;0;0;1;0;0;0;0;0;0;0;0;0;0;0
BE10;0;0;1;0;0;1;1;1;1;1;1;1;1;0;0;0;0
BE9;0;0;1;0;0;1;1;1;1;1;1;1;1;0;0;0;0
FA3;0;0;1;0;0;1;1;1;1;1;0;0;0;0;0;0;0
FA4;0;0;1;0;0;1;1;1;1;1;1;1;0;0;0;0;0
FA5;1;0;0;0;0;1;0;0;0;0;0;0;0;0;0;0;0
FA6;1;0;0;0;0;1;0;0;0;0;0;0;0;0;0;0;0
JP19;0;0;1;0;0;1;1;1;1;1;1;1;0;0;0;0;0
JP19;0;1;0;0;0;1;0;0;0;0;0;0;0;0;0;0;0
JP20;0;0;1;0;0;1;0;1;1;1;1;1;0;0;0;0;0
JP23;0;0;1;0;0;1;1;1;0;1;1;1;0;0;0;0;0
MP42;0;1;0;0;0;1;0;0;0;0;0;0;0;0;0;0;0
MP43;0;1;0;0;0;1;0;0;0;0;0;0;0;0;0;0;0
MP49;0;0;1;0;0;1;1;1;1;1;1;1;1;1;1;1;1
MP50;0;0;1;0;0;1;0;0;0;0;0;0;0;0;0;0;0
MP51;0;0;1;0;0;1;0;0;0;0;0;0;0;0;0;0;0
MP52;0;0;1;0;0;1;0;0;0;0;0;0;0;0;0;0;0
MP53;0;0;1;0;0;1;0;0;0;0;0;0;0;0;0;0;0
MP61;0;0;1;0;0;1;1;1;0;0;0;0;0;0;0;0;0
MP62;0;0;1;0;0;1;1;1;0;0;0;0;0;0;0;0;0
MP65;0;0;1;0;0;1;1;1;1;0;0;0;0;0;0;0;0
MP65;1;0;0;0;0;1;0;0;0;0;0;0;0;0;0;0;0
MP66;1;0;0;0;0;1;0;0;0;0;0;0;0;0;0;0;0
MP68;1;0;0;0;0;1;0;0;0;0;0;0;0;0;0;0;0
MP70;0;0;1;0;0;1;1;1;0;0;0;0;0;0;0;0;0
MP71;0;0;1;0;0;1;1;1;0;0;0;0;0;0;0;0;0
MP72;1;0;0;0;0;1;0;0;0;0;0;0;0;0;0;0;0
MP73;0;0;1;0;0;1;1;1;0;0;0;0;0;0;0;0;0
MP74;0;0;1;0;0;1;1;1;1;1;1;1;1;0;0;0;0
MP75;0;0;1;0;0;1;1;1;1;1;1;0;0;0;0;0;0
MP76;0;1;0;0;0;1;1;1;0;0;0;0;0;0;0;0;0
MP77;0;1;0;0;0;1;1;1;0;0;0;0;0;0;0;0;0
MP78;1;0;0;0;0;1;1;1;0;0;0;0;0;0;0;0;0
MP79;0;0;1;0;0;1;0;0;1;1;1;0;0;0;0;0;0
MP81;0;0;1;0;0;1;1;1;1;1;1;0;0;0;0;0;0
MP82;1;0;0;0;0;1;1;1;0;0;0;0;0;0;0;0;0
MP83;0;0;1;0;0;1;0;0;0;0;0;0;0;0;0;0;0
MP90;1;0;0;0;0;1;0;0;0;0;0;0;0;0;0;0;0
SI16;0;0;1;0;0;1;1;1;1;1;1;1;1;1;1;1;0
SI17;0;0;1;0;0;1;1;1;1;1;1;1;1;1;1;1;0
SI18;1;0;0;0;0;1;0;0;0;0;0;0;0;0;0;0;0
SI19;1;0;0;0;0;1;0;0;0;0;0;0;0;0;0;0;0
SP18;0;0;1;0;0;1;1;1;1;1;1;1;1;1;1;1;1
1313;0;1;0;0;0;0;1;1;0;0;0;0;0;0;0;0;0
1315;0;1;0;0;0;0;1;0;0;0;0;0;0;0;0;0;0
1318;0;1;0;0;0;0;1;1;0;0;0;0;0;0;0;0;0
1320;0;0;1;0;0;0;1;1;0;0;0;0;0;0;0;0;0
1320;0;1;0;0;0;0;1;0;0;0;0;0;0;0;0;0;0
1321;0;0;1;0;0;0;1;1;0;0;0;0;0;0;0;0;0
1321;0;1;0;0;0;0;1;0;0;0;0;0;0;0;0;0;0
1323;0;0;1;0;0;0;1;0;0;0;0;0;0;0;0;0;0
1323;0;1;0;0;0;0;1;0;0;0;0;0;0;0;0;0;0
1332;0;0;1;0;0;0;1;1;0;0;0;0;0;0;0;0;0
1332;1;0;0;0;0;0;1;0;0;0;0;0;0;0;0;0;0
1332;0;1;0;0;0;0;1;0;0;0;0;0;0;0;0;0;0
1333;1;0;0;0;0;0;1;0;0;0;0;0;0;0;0;0;0
1333;0;1;0;0;0;0;1;1;0;0;0;0;0;0;0;0;0
1334;1;0;0;0;0;0;1;0;0;0;0;0;0;0;0;0;0
1335;1;0;0;0;0;0;1;0;0;0;0;0;0;0;0;0;0
1336;1;0;0;0;0;0;1;0;0;0;0;0;0;0;0;0;0
1336;0;1;0;0;0;0;1;1;0;0;0;0;0;0;0;0;0
1337;1;0;0;0;0;0;1;0;0;0;0;0;0;0;0;0;0
1338;1;0;0;0;0;0;1;0;0;0;0;0;0;0;0;0;0
1339;1;0;0;0;0;0;1;0;0;0;0;0;0;0;0;0;0
1340;1;0;0;0;0;0;1;0;0;0;0;0;0;0;0;0;0
1341;1;0;0;0;0;0;1;1;0;0;0;0;0;0;0;0;0
1342;1;0;0;0;0;0;1;1;0;0;0;0;0;0;0;0;0
1343;1;0;0;0;0;0;1;1;0;0;0;0;0;0;0;0;0
1345;1;0;0;0;0;0;1;1;0;0;0;0;0;0;0;0;0
1346;1;0;0;0;0;0;1;1;0;0;0;0;0;0;0;0;0
1347;1;0;0;0;0;0;1;1;0;0;0;0;0;0;0;0;0
AF17;0;1;0;0;0;0;1;0;0;0;0;0;0;0;0;0;0
AF18;0;1;0;0;0;0;1;0;0;0;0;0;0;0;0;0;0
AF19;1;0;0;0;0;0;1;0;0;0;0;0;0;0;0;0;0
AF19;0;1;0;0;0;0;1;1;0;0;0;0;0;0;0;0;0
AF20;1;0;0;0;0;0;1;0;0;0;0;0;0;0;0;0;0
AF20;0;1;0;0;0;0;1;1;0;0;0;0;0;0;0;0;0
AF21;1;0;0;0;0;0;1;0;0;0;0;0;0;0;0;0;0
AF24;1;0;0;0;0;0;1;1;0;0;0;0;0;0;0;0;0
AF25;1;0;0;0;0;0;1;1;1;0;0;0;0;0;0;0;0
AX25;0;0;1;0;0;0;1;1;0;0;0;0;0;0;0;0;0
AX25;1;0;0;0;0;0;1;0;0;0;0;0;0;0;0;0;0
AX26;1;0;0;0;0;0;1;0;0;0;0;0;0;0;0;0;0
FA10;1;0;0;0;0;0;1;1;1;0;0;0;0;0;0;0;0
FA11;1;0;0;0;0;0;1;1;1;0;0;0;0;0;0;0;0
FA12;1;0;0;0;0;0;1;1;1;0;0;0;0;0;0;0;0
FA5;0;1;0;0;0;0;1;0;0;0;0;0;0;0;0;0;0
FA6;0;0;1;0;0;0;1;1;1;1;1;1;1;1;1;1;1
FA6;0;1;0;0;0;0;1;0;0;0;0;0;0;0;0;0;0
FA7;1;0;0;0;0;0;1;0;0;0;0;0;0;0;0;0;0
FA7;0;1;0;0;0;0;1;1;0;0;0;0;0;0;0;0;0
FA8;1;0;0;0;0;0;1;0;0;0;0;0;0;0;0;0;0
FA8;0;1;0;0;0;0;1;1;0;0;0;0;0;0;0;0;0
FA9;1;0;0;0;0;0;1;0;0;0;0;0;0;0;0;0;0
FP1;1;0;0;0;0;0;1;1;0;0;0;0;0;0;0;0;0
FP2;1;0;0;0;0;0;1;1;0;0;0;0;0;0;0;0;0
JP16;0;0;1;0;0;0;1;1;1;1;1;0;0;0;0;0;0
JP16;0;1;0;0;0;0;1;0;0;0;0;0;0;0;0;0;0
JP17;0;0;1;0;0;0;1;1;1;1;1;1;0;0;0;0;0
JP17;0;1;0;0;0;0;1;0;0;0;0;0;0;0;0;0;0
JP20;0;1;0;0;0;0;1;1;0;0;0;0;0;0;0;0;0
JP21;0;0;1;0;0;0;1;1;1;1;1;1;0;0;0;0;0
JP21;0;1;0;0;0;0;1;0;0;0;0;0;0;0;0;0;0
JP22;0;0;1;0;0;0;1;1;1;1;1;1;0;0;0;0;0
JP22;0;1;0;0;0;0;1;0;0;0;0;0;0;0;0;0;0
MP100;1;0;0;0;0;0;1;1;0;0;0;0;0;0;0;0;0
MP101;1;0;0;0;0;0;1;1;0;0;0;0;0;0;0;0;0
MP102;1;0;0;0;0;0;1;1;1;0;0;0;0;0;0;0;0
MP103;1;0;0;0;0;0;1;1;1;0;0;0;0;0;0;0;0
MP20;0;0;1;0;0;0;1;1;1;1;0;0;0;0;0;0;0
MP21;0;0;1;0;0;0;1;1;1;1;1;1;0;0;0;0;0
MP26;0;1;0;0;0;0;1;1;0;0;0;0;0;0;0;0;0
MP30;0;0;1;0;0;0;1;1;0;0;0;0;0;0;0;0;0
MP31;0;0;1;0;0;0;1;1;0;0;0;0;0;0;0;0;0
MP36;0;0;1;0;0;0;1;0;0;0;0;0;0;0;0;0;0
MP40;0;1;0;0;0;0;1;1;0;0;0;0;0;0;0;0;0
MP42;0;0;1;0;0;0;1;1;0;0;0;0;0;0;0;0;0
MP43;0;0;1;0;0;0;1;1;0;0;0;0;0;0;0;0;0
MP45;0;0;1;0;0;0;1;1;0;0;0;0;0;0;0;0;0
MP45;0;1;0;0;0;0;1;0;0;0;0;0;0;0;0;0;0
MP46;0;0;1;0;0;0;1;1;0;0;0;0;0;0;0;0;0
MP46;0;1;0;0;0;0;1;0;0;0;0;0;0;0;0;0;0
MP48;0;0;1;0;0;0;1;1;1;1;1;1;1;1;1;1;1
MP50;0;1;0;0;0;0;1;1;1;0;0;0;0;0;0;0;0
MP51;0;1;0;0;0;0;1;1;1;0;0;0;0;0;0;0;0
MP52;0;1;0;0;0;0;1;1;1;0;0;0;0;0;0;0;0
MP53;0;1;0;0;0;0;1;1;1;0;0;0;0;0;0;0;0
MP58;0;0;1;0;0;0;1;0;1;1;1;1;1;1;1;1;1
MP58;0;1;0;0;0;0;1;1;0;0;0;0;0;0;0;0;0
MP59;0;0;1;0;0;0;1;0;0;0;0;0;0;0;0;0;0
MP59;0;1;0;0;0;0;1;0;0;0;0;0;0;0;0;0;0
MP60;0;0;1;0;0;0;1;1;1;1;0;0;0;0;0;0;0
MP60;0;1;0;0;0;0;1;0;0;0;0;0;0;0;0;0;0
MP61;0;1;0;0;0;0;1;0;0;0;0;0;0;0;0;0;0
MP62;0;1;0;0;0;0;1;0;0;0;0;0;0;0;0;0;0
MP63;0;0;1;0;0;0;1;0;0;0;0;0;0;0;0;0;0
MP63;0;1;0;0;0;0;1;0;0;0;0;0;0;0;0;0;0
MP64;0;0;1;0;0;0;1;1;1;1;1;1;1;1;1;1;1
MP64;0;1;0;0;0;0;1;0;0;0;0;0;0;0;0;0;0
MP65;0;1;0;0;0;0;1;0;0;0;0;0;0;0;0;0;0
MP66;0;0;1;0;0;0;1;1;1;0;0;0;0;0;0;0;0
MP66;0;1;0;0;0;0;1;0;0;0;0;0;0;0;0;0;0
MP68;0;0;1;0;0;0;1;1;1;1;1;1;1;1;1;1;1
MP68;0;1;0;0;0;0;1;0;0;0;0;0;0;0;0;0;0
MP69;0;0;1;0;0;0;1;1;0;0;0;0;0;0;0;0;0
MP72;0;0;1;0;0;0;1;0;0;1;1;1;1;0;0;0;0
MP72;0;1;0;0;0;0;1;1;1;0;0;0;0;0;0;0;0
MP79;1;0;0;0;0;0;1;1;0;0;0;0;0;0;0;0;0
MP80;1;0;0;0;0;0;1;0;0;0;0;0;0;0;0;0;0
MP80;0;1;0;0;0;0;1;0;0;0;0;0;0;0;0;0;0
MP83;1;0;0;0;0;0;1;1;0;0;0;0;0;0;0;0;0
MP84;0;1;0;0;0;0;1;1;0;0;0;0;0;0;0;0;0
MP85;0;1;0;0;0;0;1;1;0;0;0;0;0;0;0;0;0
MP86;1;0;0;0;0;0;1;1;0;0;0;0;0;0;0;0;0
MP87;1;0;0;0;0;0;1;1;0;0;0;0;0;0;0;0;0
MP88;1;0;0;0;0;0;1;1;0;0;0;0;0;0;0;0;0
MP89;1;0;0;0;0;0;1;1;0;0;0;0;0;0;0;0;0
MP91;1;0;0;0;0;0;1;0;0;0;0;0;0;0;0;0;0
MP92;1;0;0;0;0;0;1;0;0;0;0;0;0;0;0;0;0
MP93;1;0;0;0;0;0;1;0;0;0;0;0;0;0;0;0;0
MP94;1;0;0;0;0;0;1;1;0;0;0;0;0;0;0;0;0
MP95;1;0;0;0;0;0;1;1;0;0;0;0;0;0;0;0;0
MP96;1;0;0;0;0;0;1;1;0;0;0;0;0;0;0;0;0
MP97;0;0;1;0;0;0;1;1;0;0;0;0;0;0;0;0;0
MP98;1;0;0;0;0;0;1;0;0;0;0;0;0;0;0;0;0
MP99;1;0;0;0;0;0;1;0;0;0;0;0;0;0;0;0;0
SI14;0;0;1;0;0;0;1;1;1;1;1;1;1;1;1;1;1
SI18;0;0;1;0;0;0;1;1;1;1;1;1;1;1;1;1;0
SI18;0;1;0;0;0;0;1;0;0;0;0;0;0;0;0;0;0
SI19;0;0;1;0;0;0;1;1;1;1;1;1;1;1;1;1;0
SI19;0;1;0;0;0;0;1;0;0;0;0;0;0;0;0;0;0
SI20;1;0;0;0;0;0;1;1;0;0;0;0;0;0;0;0;0
SP20;1;0;0;0;0;0;1;1;0;0;0;0;0;0;0;0;0
SP21;1;0;0;0;0;0;1;1;0;0;0;0;0;0;0;0;0
SP22;1;0;0;0;0;0;1;0;0;0;0;0;0;0;0;0;0
SP23;1;0;0;0;0;0;1;1;1;0;0;0;0;0;0;0;0
SP24;1;0;0;0;0;0;1;1;0;0;0;0;0;0;0;0;0
SP25;1;0;0;0;0;0;1;1;0;0;0;0;0;0;0;0;0
TM10;0;0;1;0;0;0;1;0;0;0;0;0;0;0;0;0;0
TM10;0;1;0;0;0;0;1;0;0;0;0;0;0;0;0;0;0
TM11;0;0;1;0;0;0;1;1;1;1;1;1;0;0;0;0;0
TM11;0;1;0;0;0;0;1;0;0;0;0;0;0;0;0;0;0
TM12;1;0;0;0;0;0;1;0;0;0;0;0;0;0;0;0;0
TM12;0;1;0;0;0;0;1;1;0;0;0;0;0;0;0;0;0
TM13;1;0;0;0;0;0;1;0;0;0;0;0;0;0;0;0;0
TM13;0;1;0;0;0;0;1;1;0;0;0;0;0;0;0;0;0
TM14;1;0;0;0;0;0;1;0;0;0;0;0;0;0;0;0;0
TM14;0;1;0;0;0;0;1;1;0;0;0;0;0;0;0;0;0
TM15;1;0;0;0;0;0;1;0;0;0;0;0;0;0;0;0;0
TM15;0;1;0;0;0;0;1;1;0;0;0;0;0;0;0;0;0
TM8;0;1;0;0;0;0;1;1;0;0;0;0;0;0;0;0;0
TM9;0;1;0;0;0;0;1;1;0;0;0;0;0;0;0;0;0
XT2;0;1;0;0;0;0;1;1;0;0;0;0;0;0;0;0;0
1333;0;0;1;0;0;0;0;1;1;1;1;0;0;0;0;0;0
1336;0;0;1;0;0;0;0;1;1;1;0;0;0;0;0;0;0
1341;0;1;0;0;0;0;0;1;1;0;0;0;0;0;0;0;0
1342;0;1;0;0;0;0;0;1;1;0;0;0;0;0;0;0;0
1343;0;1;0;0;0;0;0;1;1;0;0;0;0;0;0;0;0
1345;0;1;0;0;0;0;0;1;1;0;0;0;0;0;0;0;0
1346;0;1;0;0;0;0;0;1;1;0;0;0;0;0;0;0;0
1347;0;1;0;0;0;0;0;1;1;0;0;0;0;0;0;0;0
1350;1;0;0;0;0;0;0;1;0;0;0;0;0;0;0;0;0
1350;0;1;0;0;0;0;0;1;1;0;0;0;0;0;0;0;0
1351;1;0;0;0;0;0;0;1;0;0;0;0;0;0;0;0;0
1351;0;1;0;0;0;0;0;1;1;0;0;0;0;0;0;0;0
1352;1;0;0;0;0;0;0;1;0;0;0;0;0;0;0;0;0
1352;0;1;0;0;0;0;0;1;1;0;0;0;0;0;0;0;0
1353;1;0;0;0;0;0;0;1;1;0;0;0;0;0;0;0;0
1354;1;0;0;0;0;0;0;1;1;0;0;0;0;0;0;0;0
1355;1;0;0;0;0;0;0;1;1;0;0;0;0;0;0;0;0
1356;1;0;0;0;0;0;0;1;1;0;0;0;0;0;0;0;0
1357;0;0;1;0;0;0;0;1;1;1;1;0;0;0;0;0;0
1358;1;0;0;0;0;0;0;1;1;0;0;0;0;0;0;0;0
AF17;0;0;1;0;0;0;0;1;1;1;1;1;1;1;1;0;0
AF18;0;0;1;0;0;0;0;1;1;1;1;0;0;0;0;0;0
AF19;0;0;1;0;0;0;0;1;1;1;1;0;0;0;0;0;0
AF20;0;0;1;0;0;0;0;1;1;1;1;0;0;0;0;0;0
AF27;1;0;0;0;0;0;0;1;1;0;0;0;0;0;0;0;0
AX25;0;1;0;0;0;0;0;1;0;0;0;0;0;0;0;0;0
AX26;0;0;1;0;0;0;0;1;0;0;0;0;0;0;0;0;0
AX26;0;1;0;0;0;0;0;1;0;0;0;0;0;0;0;0;0
Angela;1;0;0;0;0;0;0;1;0;0;0;0;0;0;0;0;0
EB1;0;1;0;0;0;0;0;1;1;0;0;0;0;0;0;0;0
EB2;0;1;0;0;0;0;0;1;1;0;0;0;0;0;0;0;0
EB3;1;0;0;0;0;0;0;1;1;0;0;0;0;0;0;0;0
EB4;1;0;0;0;0;0;0;1;1;0;0;0;0;0;0;0;0
FA13;1;0;0;0;0;0;0;1;1;0;0;0;0;0;0;0;0
FA14;1;0;0;0;0;0;0;1;1;0;0;0;0;0;0;0;0
FA8;0;0;1;0;0;0;0;1;1;1;1;1;1;1;1;1;1
FP1;0;1;0;0;0;0;0;1;1;0;0;0;0;0;0;0;0
FP2;0;1;0;0;0;0;0;1;1;0;0;0;0;0;0;0;0
FP3;1;0;0;0;0;0;0;1;1;0;0;0;0;0;0;0;0
FP4;1;0;0;0;0;0;0;1;1;0;0;0;0;0;0;0;0
JP23;1;0;0;0;0;0;0;1;1;1;0;0;0;0;0;0;0
JP24;1;0;0;0;0;0;0;1;0;0;0;0;0;0;0;0;0
JP24;0;1;0;0;0;0;0;1;1;0;0;0;0;0;0;0;0
MP100;0;1;0;0;0;0;0;1;1;0;0;0;0;0;0;0;0
MP101;0;1;0;0;0;0;0;1;1;0;0;0;0;0;0;0;0
MP104;1;0;0;0;0;0;0;1;1;0;0;0;0;0;0;0;0
MP105;1;0;0;0;0;0;0;1;0;0;0;0;0;0;0;0;0
MP105;0;1;0;0;0;0;0;1;1;0;0;0;0;0;0;0;0
MP106;1;0;0;0;0;0;0;1;0;0;0;0;0;0;0;0;0
MP106;0;1;0;0;0;0;0;1;1;0;0;0;0;0;0;0;0
MP108;1;0;0;0;0;0;0;1;0;0;0;0;0;0;0;0;0
MP109;1;0;0;0;0;0;0;1;0;0;0;0;0;0;0;0;0
MP110;1;0;0;0;0;0;0;1;1;1;0;0;0;0;0;0;0
MP111;1;0;0;0;0;0;0;1;1;1;0;0;0;0;0;0;0
MP112;1;0;0;0;0;0;0;1;1;0;0;0;0;0;0;0;0
MP113;1;0;0;0;0;0;0;1;1;0;0;0;0;0;0;0;0
MP114;1;0;0;0;0;0;0;1;0;0;0;0;0;0;0;0;0
MP115;1;0;0;0;0;0;0;1;1;0;0;0;0;0;0;0;0
MP116;1;0;0;0;0;0;0;1;1;1;0;0;0;0;0;0;0
MP117;1;0;0;0;0;0;0;1;1;1;0;0;0;0;0;0;0
MP118;1;0;0;0;0;0;0;1;1;0;0;0;0;0;0;0;0
MP119;1;0;0;0;0;0;0;1;1;1;1;0;0;0;0;0;0
MP40;0;0;1;0;0;0;0;1;1;1;0;0;0;0;0;0;0
MP78;0;1;0;0;0;0;0;1;0;0;0;0;0;0;0;0;0
MP79;0;1;0;0;0;0;0;1;0;0;0;0;0;0;0;0;0
MP80;0;0;1;0;0;0;0;1;1;1;1;1;1;1;1;1;1
MP82;0;1;0;0;0;0;0;1;0;0;0;0;0;0;0;0;0
MP83;0;1;0;0;0;0;0;1;0;0;0;0;0;0;0;0;0
MP84;0;0;1;0;0;0;0;1;1;1;1;1;1;1;1;1;1
MP85;0;0;1;0;0;0;0;1;1;1;1;1;1;1;1;1;1
MP89;0;1;0;0;0;0;0;1;1;0;0;0;0;0;0;0;0
MP91;0;0;1;0;0;0;0;1;1;1;1;0;0;0;0;0;0
MP91;0;1;0;0;0;0;0;1;0;0;0;0;0;0;0;0;0
MP92;0;0;1;0;0;0;0;1;1;1;1;0;0;0;0;0;0
MP92;0;1;0;0;0;0;0;1;0;0;0;0;0;0;0;0;0
MP94;0;1;0;0;0;0;0;1;1;0;0;0;0;0;0;0;0
MP95;0;1;0;0;0;0;0;1;1;0;0;0;0;0;0;0;0
MP96;0;1;0;0;0;0;0;1;1;0;0;0;0;0;0;0;0
MP98;0;1;0;0;0;0;0;1;1;0;0;0;0;0;0;0;0
MP99;0;1;0;0;0;0;0;1;1;0;0;0;0;0;0;0;0
Nelson;1;0;0;0;0;0;0;1;0;0;0;0;0;0;0;0;0
SI20;0;1;0;0;0;0;0;1;1;0;0;0;0;0;0;0;0
SP20;0;1;0;0;0;0;0;1;1;0;0;0;0;0;0;0;0
SP24;0;1;0;0;0;0;0;1;1;0;0;0;0;0;0;0;0
SP25;0;1;0;0;0;0;0;1;1;0;0;0;0;0;0;0;0
SP26;1;0;0;0;0;0;0;1;1;0;0;0;0;0;0;0;0
TM12;0;0;1;0;0;0;0;1;1;1;1;1;1;1;1;1;1
TM13;0;0;1;0;0;0;0;1;1;1;1;1;0;0;0;0;0
TM14;0;0;1;0;0;0;0;1;1;1;1;1;0;0;0;0;0
TM15;0;0;1;0;0;0;0;1;1;1;1;1;0;0;0;0;0
TM16;1;0;0;0;0;0;0;1;1;0;0;0;0;0;0;0;0
TM17;1;0;0;0;0;0;0;1;1;0;0;0;0;0;0;0;0
TM18;1;0;0;0;0;0;0;1;1;0;0;0;0;0;0;0;0
TM19;1;0;0;0;0;0;0;1;1;1;0;0;0;0;0;0;0
1313;0;0;1;0;0;0;0;0;1;0;0;0;0;0;0;0;0
1341;0;0;1;0;0;0;0;0;1;0;0;0;0;0;0;0;0
1342;0;0;1;0;0;0;0;0;1;0;0;0;0;0;0;0;0
1343;0;0;1;0;0;0;0;0;1;0;0;0;0;0;0;0;0
1345;0;0;1;0;0;0;0;0;1;1;1;0;0;0;0;0;0
1346;0;0;1;0;0;0;0;0;1;0;0;0;0;0;0;0;0
1347;0;0;1;0;0;0;0;0;1;0;0;0;0;0;0;0;0
1350;0;0;1;0;0;0;0;0;1;1;1;1;1;1;1;0;0
1351;0;0;1;0;0;0;0;0;1;0;0;0;0;0;0;0;0
1352;0;0;1;0;0;0;0;0;1;1;0;0;0;0;0;0;0
1353;0;1;0;0;0;0;0;0;1;0;0;0;0;0;0;0;0
1354;0;1;0;0;0;0;0;0;1;0;0;0;0;0;0;0;0
1355;0;1;0;0;0;0;0;0;1;1;0;0;0;0;0;0;0
1358;0;1;0;0;0;0;0;0;1;1;0;0;0;0;0;0;0
1359;1;0;0;0;0;0;0;0;1;0;0;0;0;0;0;0;0
1359;0;1;0;0;0;0;0;0;1;1;0;0;0;0;0;0;0
1360;0;0;1;0;0;0;0;0;1;1;1;1;0;0;0;0;0
1361;1;0;0;0;0;0;0;0;1;1;0;0;0;0;0;0;0
1362;1;0;0;0;0;0;0;0;1;1;0;0;0;0;0;0;0
1363;1;0;0;0;0;0;0;0;1;1;0;0;0;0;0;0;0
1364;1;0;0;0;0;0;0;0;1;1;0;0;0;0;0;0;0
1365;1;0;0;0;0;0;0;0;1;1;0;0;0;0;0;0;0
1366;1;0;0;0;0;0;0;0;1;1;0;0;0;0;0;0;0
1367;0;0;1;0;0;0;0;0;1;1;1;0;0;0;0;0;0
AF25;0;1;0;0;0;0;0;0;1;1;0;0;0;0;0;0;0
AF27;0;1;0;0;0;0;0;0;1;1;0;0;0;0;0;0;0
AF28;1;0;0;0;0;0;0;0;1;1;0;0;0;0;0;0;0
AF29;1;0;0;0;0;0;0;0;1;1;0;0;0;0;0;0;0
AF31;1;0;0;0;0;0;0;0;1;0;0;0;0;0;0;0;0
Angela;0;0;1;0;0;0;0;0;1;1;1;1;0;0;0;0;0
Angela;0;1;0;0;0;0;0;0;1;0;0;0;0;0;0;0;0
Cibele;0;0;1;0;0;0;0;0;1;1;1;0;0;0;0;0;0
Cris;0;0;1;0;0;0;0;0;1;1;1;0;0;0;0;0;0
FA10;0;1;0;0;0;0;0;0;1;1;1;0;0;0;0;0;0
FA11;0;1;0;0;0;0;0;0;1;1;0;0;0;0;0;0;0
FA12;0;1;0;0;0;0;0;0;1;1;0;0;0;0;0;0;0
FA15;1;0;0;0;0;0;0;0;1;0;0;0;0;0;0;0;0
FA16;1;0;0;0;0;0;0;0;1;0;0;0;0;0;0;0;0
FA19;1;0;0;0;0;0;0;0;1;1;0;0;0;0;0;0;0
FA20;1;0;0;0;0;0;0;0;1;1;0;0;0;0;0;0;0
FP1;0;0;1;0;0;0;0;0;1;0;0;0;0;0;0;0;0
FP2;0;0;1;0;0;0;0;0;1;1;1;0;0;0;0;0;0
FP3;0;1;0;0;0;0;0;0;1;0;0;0;0;0;0;0;0
FP4;0;1;0;0;0;0;0;0;1;0;0;0;0;0;0;0;0
FP5;1;0;0;0;0;0;0;0;1;1;0;0;0;0;0;0;0
FP6;1;0;0;0;0;0;0;0;1;1;0;0;0;0;0;0;0
JP24;0;0;1;0;0;0;0;0;1;1;1;1;0;0;0;0;0
MP100;0;0;1;0;0;0;0;0;1;1;1;1;1;1;1;1;1
MP101;0;0;1;0;0;0;0;0;1;1;0;0;0;0;0;0;0
MP102;0;1;0;0;0;0;0;0;1;0;0;0;0;0;0;0;0
MP103;0;1;0;0;0;0;0;0;1;0;0;0;0;0;0;0;0
MP112;0;1;0;0;0;0;0;0;1;0;0;0;0;0;0;0;0
MP113;0;1;0;0;0;0;0;0;1;0;0;0;0;0;0;0;0
MP114;0;0;1;0;0;0;0;0;1;1;1;0;0;0;0;0;0
MP118;0;1;0;0;0;0;0;0;1;1;0;0;0;0;0;0;0
MP120;0;0;1;0;0;0;0;0;1;1;1;0;0;0;0;0;0
MP124;0;0;1;0;0;0;0;0;1;1;1;0;0;0;0;0;0
MP127;1;0;0;0;0;0;0;0;1;0;0;0;0;0;0;0;0
MP128;1;0;0;0;0;0;0;0;1;0;0;0;0;0;0;0;0
MP128;0;1;0;0;0;0;0;0;1;1;0;0;0;0;0;0;0
MP129;1;0;0;0;0;0;0;0;1;0;0;0;0;0;0;0;0
MP129;0;1;0;0;0;0;0;0;1;1;0;0;0;0;0;0;0
MP131;1;0;0;0;0;0;0;0;1;0;0;0;0;0;0;0;0
MP131;0;1;0;0;0;0;0;0;1;1;0;0;0;0;0;0;0
MP132;1;0;0;0;0;0;0;0;1;0;0;0;0;0;0;0;0
MP132;0;1;0;0;0;0;0;0;1;1;0;0;0;0;0;0;0
MP141;1;0;0;0;0;0;0;0;1;1;0;0;0;0;0;0;0
MP142;1;0;0;0;0;0;0;0;1;1;0;0;0;0;0;0;0
MP143;1;0;0;0;0;0;0;0;1;1;0;0;0;0;0;0;0
MP144;1;0;0;0;0;0;0;0;1;1;0;0;0;0;0;0;0
MP26;0;0;1;0;0;0;0;0;1;1;1;1;1;1;1;1;1
MP38;0;0;1;0;0;0;0;0;1;1;1;1;1;1;1;1;1
MP39;0;0;1;0;0;0;0;0;1;1;1;1;1;1;1;1;1
MP76;0;0;1;0;0;0;0;0;1;1;1;0;0;0;0;0;0
MP77;0;0;1;0;0;0;0;0;1;1;1;1;1;0;0;0;0
MP78;0;0;1;0;0;0;0;0;1;1;1;0;0;0;0;0;0
MP86;0;1;0;0;0;0;0;0;1;0;0;0;0;0;0;0;0
MP87;0;1;0;0;0;0;0;0;1;0;0;0;0;0;0;0;0
MP88;0;1;0;0;0;0;0;0;1;0;0;0;0;0;0;0;0
MP89;0;0;1;0;0;0;0;0;1;1;1;1;1;1;1;1;1
MP94;0;0;1;0;0;0;0;0;1;1;1;1;1;1;1;1;1
MP95;0;0;1;0;0;0;0;0;1;1;1;1;0;0;0;0;0
MP96;0;0;1;0;0;0;0;0;1;1;1;1;0;0;0;0;0
MP98;0;0;1;0;0;0;0;0;1;1;1;1;0;0;0;0;0
MP99;0;0;1;0;0;0;0;0;1;1;1;0;0;0;0;0;0
Nelson;0;0;1;0;0;0;0;0;1;1;1;1;0;0;0;0;0
Nelson;0;1;0;0;0;0;0;0;1;0;0;0;0;0;0;0;0
Rodrigo;0;0;1;0;0;0;0;0;1;1;1;0;0;0;0;0;0
SI20;0;0;1;0;0;0;0;0;1;1;1;1;1;1;1;1;0
SP20;0;0;1;0;0;0;0;0;1;1;0;0;0;0;0;0;0
SP23;0;1;0;0;0;0;0;0;1;1;0;0;0;0;0;0;0
SP24;0;0;1;0;0;0;0;0;1;1;0;0;0;0;0;0;0
SP25;0;0;1;0;0;0;0;0;1;0;0;0;0;0;0;0;0
SP26;0;1;0;0;0;0;0;0;1;0;0;0;0;0;0;0;0
SP27;1;0;0;0;0;0;0;0;1;0;0;0;0;0;0;0;0
SP28;1;0;0;0;0;0;0;0;1;0;0;0;0;0;0;0;0
SP29;1;0;0;0;0;0;0;0;1;1;0;0;0;0;0;0;0
SP30;1;0;0;0;0;0;0;0;1;1;0;0;0;0;0;0;0
TM16;0;1;0;0;0;0;0;0;1;1;0;0;0;0;0;0;0
TM17;0;1;0;0;0;0;0;0;1;1;0;0;0;0;0;0;0
TM18;0;1;0;0;0;0;0;0;1;1;0;0;0;0;0;0;0
TM20;1;0;0;0;0;0;0;0;1;0;0;0;0;0;0;0;0
TM20;0;1;0;0;0;0;0;0;1;1;0;0;0;0;0;0;0
TM21;1;0;0;0;0;0;0;0;1;1;0;0;0;0;0;0;0
TM8;0;0;1;0;0;0;0;0;1;1;1;1;0;0;0;0;0
TM9;0;0;1;0;0;0;0;0;1;1;1;1;0;0;0;0;0
1353;0;0;1;0;0;0;0;0;0;1;0;0;0;0;0;0;0
1354;0;0;1;0;0;0;0;0;0;1;1;0;0;0;0;0;0
1355;0;0;1;0;0;0;0;0;0;1;1;1;0;0;0;0;0
1358;0;0;1;0;0;0;0;0;0;1;1;1;1;1;1;0;0
1359;0;0;1;0;0;0;0;0;0;1;1;1;1;1;1;0;0
1361;0;1;0;0;0;0;0;0;0;1;0;0;0;0;0;0;0
1362;0;1;0;0;0;0;0;0;0;1;0;0;0;0;0;0;0
1363;0;1;0;0;0;0;0;0;0;1;0;0;0;0;0;0;0
1364;0;1;0;0;0;0;0;0;0;1;0;0;0;0;0;0;0
1365;0;1;0;0;0;0;0;0;0;1;0;0;0;0;0;0;0
1366;0;1;0;0;0;0;0;0;0;1;0;0;0;0;0;0;0
1368;1;0;0;0;0;0;0;0;0;1;0;0;0;0;0;0;0
1369;1;0;0;0;0;0;0;0;0;1;0;0;0;0;0;0;0
1370;0;0;1;0;0;0;0;0;0;1;1;0;0;0;0;0;0
1371;0;0;1;0;0;0;0;0;0;1;1;0;0;0;0;0;0
1372;1;0;0;0;0;0;0;0;0;1;1;0;0;0;0;0;0
1373;1;0;0;0;0;0;0;0;0;1;1;0;0;0;0;0;0
1374;1;0;0;0;0;0;0;0;0;1;0;0;0;0;0;0;0
1375;1;0;0;0;0;0;0;0;0;1;1;0;0;0;0;0;0
EB1;0;0;1;0;0;0;0;0;0;1;1;1;1;0;0;0;0
EB2;0;0;1;0;0;0;0;0;0;1;1;1;1;0;0;0;0
EB3;0;0;1;0;0;0;0;0;0;1;1;1;1;0;0;0;0
EB4;0;0;1;0;0;0;0;0;0;1;1;1;1;0;0;0;0
FA11;0;0;1;0;0;0;0;0;0;1;1;0;0;0;0;0;0
FA12;0;0;1;0;0;0;0;0;0;1;1;1;1;1;0;0;0
FA15;0;0;1;0;0;0;0;0;0;1;1;1;0;0;0;1;1
FA15;0;1;0;0;0;0;0;0;0;1;0;0;0;0;0;0;0
FA16;0;0;1;0;0;0;0;0;0;1;1;1;1;1;0;0;0
FA16;0;1;0;0;0;0;0;0;0;1;0;0;0;0;0;0;0
FA19;0;1;0;0;0;0;0;0;0;1;1;0;0;0;0;0;0
FA21;1;0;0;0;0;0;0;0;0;1;1;0;0;0;0;0;0
FA22;1;0;0;0;0;0;0;0;0;1;1;0;0;0;0;0;0
FA24;1;0;0;0;0;0;0;0;0;1;1;0;0;0;0;0;0
FP3;0;0;1;0;0;0;0;0;0;1;0;0;0;0;0;0;0
FP4;0;0;1;0;0;0;0;0;0;1;1;0;0;0;0;0;0
FP5;0;1;0;0;0;0;0;0;0;1;0;0;0;0;0;0;0
FP6;0;1;0;0;0;0;0;0;0;1;0;0;0;0;0;0;0
FP7;1;0;0;0;0;0;0;0;0;1;1;0;0;0;0;0;0
FP8;1;0;0;0;0;0;0;0;0;1;1;0;0;0;0;0;0
MP102;0;0;1;0;0;0;0;0;0;1;1;1;1;1;1;1;1
MP103;0;0;1;0;0;0;0;0;0;1;1;1;1;1;1;1;1
MP110;0;0;1;0;0;0;0;0;0;1;1;1;1;1;1;1;1
MP111;0;0;1;0;0;0;0;0;0;1;1;1;1;1;1;1;1
MP112;0;0;1;0;0;0;0;0;0;1;1;1;1;0;0;0;0
MP113;0;0;1;0;0;0;0;0;0;1;1;1;1;0;0;0;0
MP115;0;0;1;0;0;0;0;0;0;1;1;0;0;0;0;0;0
MP115;0;1;0;0;0;0;0;0;0;1;0;0;0;0;0;0;0
MP116;0;1;0;0;0;0;0;0;0;1;1;0;0;0;0;0;0
MP117;0;1;0;0;0;0;0;0;0;1;1;0;0;0;0;0;0
MP118;0;0;1;0;0;0;0;0;0;1;1;1;1;1;1;1;1
MP127;0;0;1;0;0;0;0;0;0;1;1;1;1;1;1;1;1
MP127;0;1;0;0;0;0;0;0;0;1;0;0;0;0;0;0;0
MP128;0;0;1;0;0;0;0;0;0;1;1;1;1;1;1;1;1
MP129;0;0;1;0;0;0;0;0;0;1;1;1;1;1;1;1;1
MP131;0;0;1;0;0;0;0;0;0;1;1;1;1;0;0;0;0
MP132;0;0;1;0;0;0;0;0;0;1;1;1;1;0;0;0;0
MP141;0;1;0;0;0;0;0;0;0;1;0;0;0;0;0;0;0
MP142;0;1;0;0;0;0;0;0;0;1;0;0;0;0;0;0;0
MP143;0;1;0;0;0;0;0;0;0;1;0;0;0;0;0;0;0
MP144;0;1;0;0;0;0;0;0;0;1;0;0;0;0;0;0;0
MP152;0;1;0;0;0;0;0;0;0;1;1;0;0;0;0;0;0
MP153;0;1;0;0;0;0;0;0;0;1;1;0;0;0;0;0;0
MP154;1;0;0;0;0;0;0;0;0;1;1;0;0;0;0;0;0
MP155;1;0;0;0;0;0;0;0;0;1;1;1;1;1;1;1;1
MP156;1;0;0;0;0;0;0;0;0;1;1;1;1;1;1;1;1
MP86;0;0;1;0;0;0;0;0;0;1;1;1;1;1;1;1;1
SP26;0;0;1;0;0;0;0;0;0;1;0;0;0;0;0;0;0
SP27;0;1;0;0;0;0;0;0;0;1;0;0;0;0;0;0;0
SP28;0;1;0;0;0;0;0;0;0;1;0;0;0;0;0;0;0
TM16;0;0;1;0;0;0;0;0;0;1;1;1;0;0;0;0;0
TM17;0;0;1;0;0;0;0;0;0;1;1;1;0;0;0;0;0
TM18;0;0;1;0;0;0;0;0;0;1;1;1;0;0;0;0;0
TM19;0;1;0;0;0;0;0;0;0;1;1;0;0;0;0;0;0
TM20;0;0;1;0;0;0;0;0;0;1;1;1;1;1;0;0;0
TM21;0;1;0;0;0;0;0;0;0;1;0;0;0;0;0;0;0
1361;0;0;1;0;0;0;0;0;0;0;1;1;0;0;0;0;0
1363;0;0;1;0;0;0;0;0;0;0;1;0;0;0;0;0;0
1364;0;0;1;0;0;0;0;0;0;0;1;0;0;0;0;0;0
1365;0;0;1;0;0;0;0;0;0;0;1;0;0;0;0;0;0
1366;0;0;1;0;0;0;0;0;0;0;1;0;0;0;0;0;0
1372;0;1;0;0;0;0;0;0;0;0;1;1;0;0;0;0;0
1373;0;1;0;0;0;0;0;0;0;0;1;1;0;0;0;0;0
1376;1;0;0;0;0;0;0;0;0;0;1;0;0;0;0;0;0
FA10;0;0;1;0;0;0;0;0;0;0;1;1;1;1;1;1;1
FA19;0;0;1;0;0;0;0;0;0;0;1;1;1;1;1;1;1
FA20;0;1;0;0;0;0;0;0;0;0;1;0;0;0;0;0;0
FA25;1;0;0;0;0;0;0;0;0;0;1;0;0;0;0;0;0
FA26;1;0;0;0;0;0;0;0;0;0;1;0;0;0;0;0;0
FP6;0;0;1;0;0;0;0;0;0;0;1;1;0;0;0;0;0
FP7;0;1;0;0;0;0;0;0;0;0;1;1;0;0;0;0;0
MP116;0;0;1;0;0;0;0;0;0;0;1;0;0;0;0;0;0
MP117;0;0;1;0;0;0;0;0;0;0;1;0;0;0;0;0;0
MP119;0;0;1;0;0;0;0;0;0;0;1;1;1;1;1;1;1
MP141;0;0;1;0;0;0;0;0;0;0;1;1;1;1;1;1;1
MP142;0;0;1;0;0;0;0;0;0;0;1;1;1;1;1;1;1
MP143;0;0;1;0;0;0;0;0;0;0;1;1;1;1;1;1;1
MP144;0;0;1;0;0;0;0;0;0;0;1;1;1;1;1;1;1
MP154;0;1;0;0;0;0;0;0;0;0;1;0;0;0;0;0;0
MP172;0;0;1;0;0;0;0;0;0;0;1;1;1;1;1;1;1
MP173;0;0;1;0;0;0;0;0;0;0;1;0;0;0;0;0;0
MP174;0;0;1;0;0;0;0;0;0;0;1;0;0;0;0;0;0
MP175;0;0;1;0;0;0;0;0;0;0;1;1;1;1;1;1;0
MP176;0;1;0;0;0;0;0;0;0;0;1;1;0;0;0;0;0
MP177;0;1;0;0;0;0;0;0;0;0;1;1;1;1;1;1;0
MP178;1;0;0;0;0;0;0;0;0;0;1;1;1;0;0;0;0
MP179;1;0;0;0;0;0;0;0;0;0;1;1;1;0;0;0;0
MP180;1;0;0;0;0;0;0;0;0;0;1;1;1;0;0;0;0
MP181;1;0;0;0;0;0;0;0;0;0;1;1;1;0;0;0;0
SP31;1;0;0;0;0;0;0;0;0;0;1;0;0;0;0;0;0
SP32;1;0;0;0;0;0;0;0;0;0;1;0;0;0;0;0;0
TM19;0;0;1;0;0;0;0;0;0;0;1;1;1;1;1;1;1
TM21;0;0;1;0;0;0;0;0;0;0;1;1;0;0;0;0;0
TM22;0;0;1;0;0;0;0;0;0;0;1;1;0;0;0;0;0
TM23;1;0;0;0;0;0;0;0;0;0;1;1;0;0;0;0;0
TM24;1;0;0;0;0;0;0;0;0;0;1;1;0;0;0;0;0
TM25;1;0;0;0;0;0;0;0;0;0;1;1;0;0;0;0;0
TM26;1;0;0;0;0;0;0;0;0;0;1;1;0;0;0;0;0
1372;0;0;1;0;0;0;0;0;0;0;0;1;0;0;0;0;0
1373;0;0;1;0;0;0;0;0;0;0;0;1;0;0;0;0;0
1375;0;1;0;0;0;0;0;0;0;0;0;1;0;0;0;0;0
1377;1;0;0;0;0;0;0;0;0;0;0;1;0;0;0;0;0
1377;0;1;0;0;0;0;0;0;0;0;0;1;0;0;0;0;0
1378;1;0;0;0;0;0;0;0;0;0;0;1;0;0;0;0;0
1378;0;1;0;0;0;0;0;0;0;0;0;1;0;0;0;0;0
1383;1;0;0;0;0;0;0;0;0;0;0;1;0;0;0;0;0
1383;0;1;0;0;0;0;0;0;0;0;0;1;0;0;0;0;0
1384;1;0;0;0;0;0;0;0;0;0;0;1;0;0;0;0;0
1384;0;1;0;0;0;0;0;0;0;0;0;1;0;0;0;0;0
1385;1;0;0;0;0;0;0;0;0;0;0;1;0;0;0;0;0
1386;1;0;0;0;0;0;0;0;0;0;0;1;0;0;0;0;0
1387;1;0;0;0;0;0;0;0;0;0;0;1;0;0;0;0;0
1388;1;0;0;0;0;0;0;0;0;0;0;1;0;0;0;0;0
1389;0;0;1;0;0;0;0;0;0;0;0;1;1;1;0;0;0
1390;1;0;0;0;0;0;0;0;0;0;0;1;0;0;0;0;0
FA20;0;0;1;0;0;0;0;0;0;0;0;1;0;0;0;0;0
FA21;0;1;0;0;0;0;0;0;0;0;0;1;1;1;1;1;0
FA22;0;1;0;0;0;0;0;0;0;0;0;1;1;1;0;0;0
FA24;0;1;0;0;0;0;0;0;0;0;0;1;0;0;0;0;0
FA25;0;0;1;0;0;0;0;0;0;0;0;1;1;1;0;0;0
FA25;0;1;0;0;0;0;0;0;0;0;0;1;0;0;0;0;0
FA26;0;0;1;0;0;0;0;0;0;0;0;1;1;1;1;1;1
FA26;0;1;0;0;0;0;0;0;0;0;0;1;0;0;0;0;0
FA27;1;0;0;0;0;0;0;0;0;0;0;1;0;0;0;0;0
FA27;0;1;0;0;0;0;0;0;0;0;0;1;0;0;0;0;0
FA28;1;0;0;0;0;0;0;0;0;0;0;1;0;0;0;0;0
FA28;0;1;0;0;0;0;0;0;0;0;0;1;0;0;0;0;0
FA30;1;0;0;0;0;0;0;0;0;0;0;1;0;0;0;0;0
FA30;0;1;0;0;0;0;0;0;0;0;0;1;0;0;0;0;0
FA31;1;0;0;0;0;0;0;0;0;0;0;1;0;0;0;0;0
FA32;1;0;0;0;0;0;0;0;0;0;0;1;1;1;0;0;0
FA33;1;0;0;0;0;0;0;0;0;0;0;1;1;1;0;0;0
FA35;1;0;0;0;0;0;0;0;0;0;0;1;1;1;0;0;0
FP10;1;0;0;0;0;0;0;0;0;0;0;1;0;0;0;0;0
FP11;1;0;0;0;0;0;0;0;0;0;0;1;0;0;0;0;0
FP7;0;0;1;0;0;0;0;0;0;0;0;1;1;1;0;0;0
MP152;0;0;1;0;0;0;0;0;0;0;0;1;1;1;1;1;1
MP153;0;0;1;0;0;0;0;0;0;0;0;1;1;1;1;1;1
MP154;0;0;1;0;0;0;0;0;0;0;0;1;1;1;1;1;1
MP183;0;0;1;0;0;0;0;0;0;0;0;1;1;1;1;1;1
MP183;0;1;0;0;0;0;0;0;0;0;0;1;0;0;0;0;0
MP184;1;0;0;0;0;0;0;0;0;0;0;1;0;0;0;0;0
MP184;0;1;0;0;0;0;0;0;0;0;0;1;0;0;0;0;0
MP185;1;0;0;0;0;0;0;0;0;0;0;1;0;0;0;0;0
MP185;0;1;0;0;0;0;0;0;0;0;0;1;0;0;0;0;0
MP186;1;0;0;0;0;0;0;0;0;0;0;1;0;0;0;0;0
MP186;0;1;0;0;0;0;0;0;0;0;0;1;0;0;0;0;0
MP187;1;0;0;0;0;0;0;0;0;0;0;1;0;0;0;0;0
MP187;0;1;0;0;0;0;0;0;0;0;0;1;0;0;0;0;0
MP190;1;0;0;0;0;0;0;0;0;0;0;1;0;0;0;0;0
MP190;0;1;0;0;0;0;0;0;0;0;0;1;0;0;0;0;0
MP191;1;0;0;0;0;0;0;0;0;0;0;1;0;0;0;0;0
MP191;0;1;0;0;0;0;0;0;0;0;0;1;0;0;0;0;0
MP192;0;0;1;0;0;0;0;0;0;0;0;1;0;1;1;1;1
MP193;0;0;1;0;0;0;0;0;0;0;0;1;1;1;0;0;0
MP194;0;0;1;0;0;0;0;0;0;0;0;1;1;1;1;1;0
MP195;0;0;1;0;0;0;0;0;0;0;0;1;1;1;1;1;1
MP196;0;0;1;0;0;0;0;0;0;0;0;1;1;1;0;0;0
SP31;0;0;1;0;0;0;0;0;0;0;0;1;0;0;0;0;0
SP31;0;1;0;0;0;0;0;0;0;0;0;1;0;0;0;0;0
SP32;0;0;1;0;0;0;0;0;0;0;0;1;0;0;0;0;0
SP32;0;1;0;0;0;0;0;0;0;0;0;1;0;0;0;0;0
1388;0;1;0;0;0;0;0;0;0;0;0;0;1;0;0;0;0
FA27;0;0;1;0;0;0;0;0;0;0;0;0;1;1;0;0;0
FA28;0;0;1;0;0;0;0;0;0;0;0;0;1;1;1;1;1
FA30;0;0;1;0;0;0;0;0;0;0;0;0;1;0;0;0;0
FA31;0;0;1;0;0;0;0;0;0;0;0;0;1;1;1;1;0
FA36;1;0;0;0;0;0;0;0;0;0;0;0;1;1;0;0;0
FA37;1;0;0;0;0;0;0;0;0;0;0;0;1;1;0;0;0
FA39;1;0;0;0;0;0;0;0;0;0;0;0;1;1;0;0;0
FP10;0;1;0;0;0;0;0;0;0;0;0;0;1;0;0;0;0
FP11;0;1;0;0;0;0;0;0;0;0;0;0;1;0;0;0;0
FP12;1;0;0;0;0;0;0;0;0;0;0;0;1;1;0;0;0
FP13;1;0;0;0;0;0;0;0;0;0;0;0;1;1;0;0;0
MP184;0;0;1;0;0;0;0;0;0;0;0;0;1;1;1;1;1
MP185;0;0;1;0;0;0;0;0;0;0;0;0;1;0;0;0;0
MP186;0;0;1;0;0;0;0;0;0;0;0;0;1;1;1;1;1
MP187;0;0;1;0;0;0;0;0;0;0;0;0;1;1;1;1;1
MP190;0;0;1;0;0;0;0;0;0;0;0;0;1;1;1;1;0
MP191;0;0;1;0;0;0;0;0;0;0;0;0;1;1;1;1;0
MP207;1;0;0;0;0;0;0;0;0;0;0;0;1;1;0;0;0
MP208;1;0;0;0;0;0;0;0;0;0;0;0;1;1;0;0;0
MP209;1;0;0;0;0;0;0;0;0;0;0;0;1;1;0;0;0
MP210;0;0;1;0;0;0;0;0;0;0;0;0;1;1;1;1;1
MP211;0;0;1;0;0;0;0;0;0;0;0;0;1;1;1;1;1
MP212;0;1;0;0;0;0;0;0;0;0;0;0;1;1;1;1;1
MP213;0;0;1;0;0;0;0;0;0;0;0;0;1;1;1;1;1
MP214;1;0;0;0;0;0;0;0;0;0;0;0;1;1;0;0;0
MP215;1;0;0;0;0;0;0;0;0;0;0;0;1;1;0;0;0
UR1;1;0;0;0;0;0;0;0;0;0;0;0;1;0;0;0;0
UR2;1;0;0;0;0;0;0;0;0;0;0;0;1;1;1;0;0
UR3;1;0;0;0;0;0;0;0;0;0;0;0;1;1;0;0;0
1388;0;0;1;0;0;0;0;0;0;0;0;0;0;1;1;0;0
AX9;0;0;1;0;0;0;0;0;0;0;0;0;0;1;1;1;1
FA32;0;1;0;0;0;0;0;0;0;0;0;0;0;1;1;0;0
FA33;0;1;0;0;0;0;0;0;0;0;0;0;0;1;0;0;0
FA35;0;1;0;0;0;0;0;0;0;0;0;0;0;1;0;0;0
FA36;0;1;0;0;0;0;0;0;0;0;0;0;0;1;0;0;0
FA37;0;1;0;0;0;0;0;0;0;0;0;0;0;1;0;0;0
FA39;0;1;0;0;0;0;0;0;0;0;0;0;0;1;1;0;0
FA40;1;0;0;0;0;0;0;0;0;0;0;0;0;1;1;0;0
FA41;1;0;0;0;0;0;0;0;0;0;0;0;0;1;1;0;0
FP10;0;0;1;0;0;0;0;0;0;0;0;0;0;1;1;1;1
FP11;0;0;1;0;0;0;0;0;0;0;0;0;0;1;1;1;1
MP224;0;0;1;0;0;0;0;0;0;0;0;0;0;1;1;1;1
MP225;0;0;1;0;0;0;0;0;0;0;0;0;0;1;1;1;1
MP226;1;0;0;0;0;0;0;0;0;0;0;0;0;1;0;0;0
MP227;0;0;1;0;0;0;0;0;0;0;0;0;0;1;1;1;1
MP228;1;0;0;0;0;0;0;0;0;0;0;0;0;1;1;0;0
MP229;1;0;0;0;0;0;0;0;0;0;0;0;0;1;1;0;0
MP230;0;0;1;0;0;0;0;0;0;0;0;0;0;1;1;1;1
MP231;0;0;1;0;0;0;0;0;0;0;0;0;0;1;1;1;1
MP232;1;0;0;0;0;0;0;0;0;0;0;0;0;1;1;1;1
MP233;1;0;0;0;0;0;0;0;0;0;0;0;0;1;1;1;1
QL1;0;0;1;0;0;0;0;0;0;0;0;0;0;1;1;0;0
QL2;0;0;1;0;0;0;0;0;0;0;0;0;0;1;1;1;1
QL3;0;0;1;0;0;0;0;0;0;0;0;0;0;1;1;1;1
QL4;1;0;0;0;0;0;0;0;0;0;0;0;0;1;1;1;0
UR1;0;0;1;0;0;0;0;0;0;0;0;0;0;1;1;1;1
UR1;0;1;0;0;0;0;0;0;0;0;0;0;0;1;0;0;0
UR4;0;0;1;0;0;0;0;0;0;0;0;0;0;1;1;0;0
UR5;1;0;0;0;0;0;0;0;0;0;0;0;0;1;0;0;0
UR6;1;0;0;0;0;0;0;0;0;0;0;0;0;1;0;0;0
FA33;0;0;1;0;0;0;0;0;0;0;0;0;0;0;1;1;1
FA35;0;0;1;0;0;0;0;0;0;0;0;0;0;0;1;1;1
FA36;0;0;1;0;0;0;0;0;0;0;0;0;0;0;1;1;1
FA37;0;0;1;0;0;0;0;0;0;0;0;0;0;0;1;1;0
FA39;0;0;1;0;0;0;0;0;0;0;0;0;0;0;1;1;1
FA40;0;1;0;0;0;0;0;0;0;0;0;0;0;0;1;1;0
FA41;0;1;0;0;0;0;0;0;0;0;0;0;0;0;1;0;0
FA42;1;0;0;0;0;0;0;0;0;0;0;0;0;0;1;0;0
FA42;0;1;0;0;0;0;0;0;0;0;0;0;0;0;1;1;0
FA43;1;0;0;0;0;0;0;0;0;0;0;0;0;0;1;0;0
FA43;0;1;0;0;0;0;0;0;0;0;0;0;0;0;1;1;0
FA44;1;0;0;0;0;0;0;0;0;0;0;0;0;0;1;0;0
FA45;1;0;0;0;0;0;0;0;0;0;0;0;0;0;1;1;0
FP12;0;1;0;0;0;0;0;0;0;0;0;0;0;0;1;0;0
FP13;0;1;0;0;0;0;0;0;0;0;0;0;0;0;1;0;0
FP14;1;0;0;0;0;0;0;0;0;0;0;0;0;0;1;0;0
FP14;0;1;0;0;0;0;0;0;0;0;0;0;0;0;1;1;0
FP15;1;0;0;0;0;0;0;0;0;0;0;0;0;0;1;0;0
FP16;0;0;1;0;0;0;0;0;0;0;0;0;0;0;1;1;1
FP17;0;0;1;0;0;0;0;0;0;0;0;0;0;0;1;1;1
KN1;0;0;1;0;0;0;0;0;0;0;0;0;0;0;1;1;1
KN2;0;0;1;0;0;0;0;0;0;0;0;0;0;0;1;1;1
MP207;0;1;0;0;0;0;0;0;0;0;0;0;0;0;1;1;1
MP208;0;1;0;0;0;0;0;0;0;0;0;0;0;0;1;1;1
MP209;0;1;0;0;0;0;0;0;0;0;0;0;0;0;1;0;0
MP214;0;1;0;0;0;0;0;0;0;0;0;0;0;0;1;1;1
MP215;0;1;0;0;0;0;0;0;0;0;0;0;0;0;1;1;1
MP226;0;0;1;0;0;0;0;0;0;0;0;0;0;0;1;1;1
MP226;0;1;0;0;0;0;0;0;0;0;0;0;0;0;1;0;0
MP277;0;0;1;0;0;0;0;0;0;0;0;0;0;0;1;1;1
MP278;0;1;0;0;0;0;0;0;0;0;0;0;0;0;1;1;1
MP279;0;1;0;0;0;0;0;0;0;0;0;0;0;0;1;0;0
MP285;0;0;1;0;0;0;0;0;0;0;0;0;0;0;1;1;1
UR2;0;0;1;0;0;0;0;0;0;0;0;0;0;0;1;1;0
UR3;0;1;0;0;0;0;0;0;0;0;0;0;0;0;1;0;0
UR7;1;0;0;0;0;0;0;0;0;0;0;0;0;0;1;0;0
UR7;0;1;0;0;0;0;0;0;0;0;0;0;0;0;1;1;0
UR8;1;0;0;0;0;0;0;0;0;0;0;0;0;0;1;1;0
UR9;1;0;0;0;0;0;0;0;0;0;0;0;0;0;1;1;0
FA21;0;0;1;0;0;0;0;0;0;0;0;0;0;0;0;1;1
FA22;0;0;1;0;0;0;0;0;0;0;0;0;0;0;0;1;1
FA32;0;0;1;0;0;0;0;0;0;0;0;0;0;0;0;1;1
FA40.1;0;0;1;0;0;0;0;0;0;0;0;0;0;0;0;1;1
FA41;0;0;1;0;0;0;0;0;0;0;0;0;0;0;0;1;1
FA43;0;0;1;0;0;0;0;0;0;0;0;0;0;0;0;1;1
FA45;0;1;0;0;0;0;0;0;0;0;0;0;0;0;0;1;1
FP14;0;0;1;0;0;0;0;0;0;0;0;0;0;0;0;1;1
FP18;1;0;0;0;0;0;0;0;0;0;0;0;0;0;0;1;0
FP18;0;1;0;0;0;0;0;0;0;0;0;0;0;0;0;1;1
FP19;1;0;0;0;0;0;0;0;0;0;0;0;0;0;0;1;0
FP19;0;1;0;0;0;0;0;0;0;0;0;0;0;0;0;1;1
FP20;1;0;0;0;0;0;0;0;0;0;0;0;0;0;0;1;1
FP21;1;0;0;0;0;0;0;0;0;0;0;0;0;0;0;1;1
MP209;0;0;1;0;0;0;0;0;0;0;0;0;0;0;0;1;1
MP213.1;0;0;1;0;0;0;0;0;0;0;0;0;0;0;0;1;1
MP228;0;0;1;0;0;0;0;0;0;0;0;0;0;0;0;1;1
MP229;0;0;1;0;0;0;0;0;0;0;0;0;0;0;0;1;1
MP279;0;0;1;0;0;0;0;0;0;0;0;0;0;0;0;1;1
MP298;0;0;1;0;0;0;0;0;0;0;0;0;0;0;0;1;1
MP299;0;0;1;0;0;0;0;0;0;0;0;0;0;0;0;1;1
MP318;0;0;1;0;0;0;0;0;0;0;0;0;0;0;0;1;1
MP319;1;0;0;0;0;0;0;0;0;0;0;0;0;0;0;1;1
MP320;1;0;0;0;0;0;0;0;0;0;0;0;0;0;0;1;1
MP327;0;0;1;0;0;0;0;0;0;0;0;0;0;0;0;1;1
MP328;0;0;1;0;0;0;0;0;0;0;0;0;0;0;0;1;1
MP331;0;0;1;0;0;0;0;0;0;0;0;0;0;0;0;1;1
MP332;0;0;1;0;0;0;0;0;0;0;0;0;0;0;0;1;1
MP333;0;0;1;0;0;0;0;0;0;0;0;0;0;0;0;1;1
MP354;0;0;1;0;0;0;0;0;0;0;0;0;0;0;0;1;1
MP355;0;0;1;0;0;0;0;0;0;0;0;0;0;0;0;1;1
MP356;0;0;1;0;0;0;0;0;0;0;0;0;0;0;0;1;1
MP358;0;0;1;0;0;0;0;0;0;0;0;0;0;0;0;1;1
MP361;0;1;0;0;0;0;0;0;0;0;0;0;0;0;0;1;1
MP362;0;0;1;0;0;0;0;0;0;0;0;0;0;0;0;1;1
MP363;0;0;1;0;0;0;0;0;0;0;0;0;0;0;0;1;1
MP364;0;0;1;0;0;0;0;0;0;0;0;0;0;0;0;1;1
MP365;0;1;0;0;0;0;0;0;0;0;0;0;0;0;0;1;1
MP366;0;1;0;0;0;0;0;0;0;0;0;0;0;0;0;1;1
MP367;0;0;1;0;0;0;0;0;0;0;0;0;0;0;0;1;1
MP368;0;0;1;0;0;0;0;0;0;0;0;0;0;0;0;1;1
MP369;0;0;1;0;0;0;0;0;0;0;0;0;0;0;0;1;1
MP370;0;0;1;0;0;0;0;0;0;0;0;0;0;0;0;1;1
MP371;1;0;0;0;0;0;0;0;0;0;0;0;0;0;0;1;0
MP383;0;0;1;0;0;0;0;0;0;0;0;0;0;0;0;1;1
MP384;0;0;1;0;0;0;0;0;0;0;0;0;0;0;0;1;1
MP385;1;0;0;0;0;0;0;0;0;0;0;0;0;0;0;1;1
QL5;1;0;0;0;0;0;0;0;0;0;0;0;0;0;0;1;0
QL5;0;1;0;0;0;0;0;0;0;0;0;0;0;0;0;1;1
QL6;1;0;0;0;0;0;0;0;0;0;0;0;0;0;0;1;0
QL6;0;1;0;0;0;0;0;0;0;0;0;0;0;0;0;1;1
UR10;1;0;0;0;0;0;0;0;0;0;0;0;0;0;0;1;1
UR11;1;0;0;0;0;0;0;0;0;0;0;0;0;0;0;1;1
UR3;0;0;1;0;0;0;0;0;0;0;0;0;0;0;0;1;1
UR8;0;1;0;0;0;0;0;0;0;0;0;0;0;0;0;1;1
UR9;0;1;0;0;0;0;0;0;0;0;0;0;0;0;0;1;1
FA45;0;0;1;0;0;0;0;0;0;0;0;0;0;0;0;0;1
FP18;0;0;1;0;0;0;0;0;0;0;0;0;0;0;0;0;1
FP19;0;0;1;0;0;0;0;0;0;0;0;0;0;0;0;0;1
FP20;0;1;0;0;0;0;0;0;0;0;0;0;0;0;0;0;1
FP21;0;1;0;0;0;0;0;0;0;0;0;0;0;0;0;0;1
MP278;0;0;1;0;0;0;0;0;0;0;0;0;0;0;0;0;1
MP371;0;1;0;0;0;0;0;0;0;0;0;0;0;0;0;0;1
MP372;0;1;0;0;0;0;0;0;0;0;0;0;0;0;0;0;1
MP406;1;0;0;0;0;0;0;0;0;0;0;0;0;0;0;0;1
MP407;1;0;0;0;0;0;0;0;0;0;0;0;0;0;0;0;1
MP454;0;0;1;0;0;0;0;0;0;0;0;0;0;0;0;0;1
MP458;0;0;1;0;0;0;0;0;0;0;0;0;0;0;0;0;1
MP459;0;0;1;0;0;0;0;0;0;0;0;0;0;0;0;0;1
MP460;0;0;1;0;0;0;0;0;0;0;0;0;0;0;0;0;1
MP461;0;0;1;0;0;0;0;0;0;0;0;0;0;0;0;0;1
MP462;0;1;0;0;0;0;0;0;0;0;0;0;0;0;0;0;1
MP463;1;0;0;0;0;0;0;0;0;0;0;0;0;0;0;0;1
MP467;0;0;1;0;0;0;0;0;0;0;0;0;0;0;0;0;1
MP468;0;0;1;0;0;0;0;0;0;0;0;0;0;0;0;0;1
MP469;0;0;1;0;0;0;0;0;0;0;0;0;0;0;0;0;1
MP470;0;1;0;0;0;0;0;0;0;0;0;0;0;0;0;0;1
MP471;0;0;1;0;0;0;0;0;0;0;0;0;0;0;0;0;1
MP472;0;0;1;0;0;0;0;0;0;0;0;0;0;0;0;0;1
MP473;0;0;1;0;0;0;0;0;0;0;0;0;0;0;0;0;1
MP474;0;0;1;0;0;0;0;0;0;0;0;0;0;0;0;0;1
MP475;0;0;1;0;0;0;0;0;0;0;0;0;0;0;0;0;1
MP476;0;0;1;0;0;0;0;0;0;0;0;0;0;0;0;0;1
MP477;1;0;0;0;0;0;0;0;0;0;0;0;0;0;0;0;1
MP478;0;0;1;0;0;0;0;0;0;0;0;0;0;0;0;0;1
MP479;0;0;1;0;0;0;0;0;0;0;0;0;0;0;0;0;1
MP480;0;0;1;0;0;0;0;0;0;0;0;0;0;0;0;0;1
MP481;0;0;1;0;0;0;0;0;0;0;0;0;0;0;0;0;1
MP482;0;0;1;0;0;0;0;0;0;0;0;0;0;0;0;0;1
MP483;1;0;0;0;0;0;0;0;0;0;0;0;0;0;0;0;1
MP484;1;0;0;0;0;0;0;0;0;0;0;0;0;0;0;0;1
MP485;1;0;0;0;0;0;0;0;0;0;0;0;0;0;0;0;1
MP486;1;0;0;0;0;0;0;0;0;0;0;0;0;0;0;0;1
MP487;0;0;1;0;0;0;0;0;0;0;0;0;0;0;0;0;1
MP488;0;0;1;0;0;0;0;0;0;0;0;0;0;0;0;0;1
MP491;0;1;0;0;0;0;0;0;0;0;0;0;0;0;0;0;1
MP492;0;1;0;0;0;0;0;0;0;0;0;0;0;0;0;0;1
MP493;0;0;1;0;0;0;0;0;0;0;0;0;0;0;0;0;1
MP494;0;0;1;0;0;0;0;0;0;0;0;0;0;0;0;0;1
MP495;0;0;1;0;0;0;0;0;0;0;0;0;0;0;0;0;1
MP496;1;0;0;0;0;0;0;0;0;0;0;0;0;0;0;0;1
MP497;1;0;0;0;0;0;0;0;0;0;0;0;0;0;0;0;1
MP499;0;0;1;0;0;0;0;0;0;0;0;0;0;0;0;0;1
MP500;0;0;1;0;0;0;0;0;0;0;0;0;0;0;0;0;1
MP502;0;0;1;0;0;0;0;0;0;0;0;0;0;0;0;0;1
MP503;0;0;1;0;0;0;0;0;0;0;0;0;0;0;0;0;1
MP504;0;0;1;0;0;0;0;0;0;0;0;0;0;0;0;0;1
MP505;0;0;1;0;0;0;0;0;0;0;0;0;0;0;0;0;1
MP506;1;0;0;0;0;0;0;0;0;0;0;0;0;0;0;0;1
QL4;0;0;1;0;0;0;0;0;0;0;0;0;0;0;0;0;1
QL5;0;0;1;0;0;0;0;0;0;0;0;0;0;0;0;0;1
QL6;0;0;1;0;0;0;0;0;0;0;0;0;0;0;0;0;1
QL7;1;0;0;0;0;0;0;0;0;0;0;0;0;0;0;0;1
QL7;0;1;0;0;0;0;0;0;0;0;0;0;0;0;0;0;1
UR10;0;1;0;0;0;0;0;0;0;0;0;0;0;0;0;0;1
UR11;0;1;0;0;0;0;0;0;0;0;0;0;0;0;0;0;1
UR12;1;0;0;0;0;0;0;0;0;0;0;0;0;0;0;0;1
UR13;1;0;0;0;0;0;0;0;0;0;0;0;0;0;0;0;1
UR8;0;0;1;0;0;0;0;0;0;0;0;0;0;0;0;0;1
UR9;0;0;1;0;0;0;0;0;0;0;0;0;0;0;0;0;1
